ts_utc,symbol,event,side,qty,price,reason,pnl,profile,dry_run,spread_pct,mom_pct,up_ratio,rsi,ema1_ok,ema5_ok,vol_ok
1767723826,XRPUSDC,DECIDE_HOLD,,,,HOLD_MOM,,aggressive,1,0.004457122481735204,0.0,0.0,55.70291777188308,1,0,1
1767723841,XRPUSDC,DECIDE_HOLD,,,,HOLD_MOM,,aggressive,1,0.004456327985729364,0.017828489926921022,38.095238095238095,56.11702127659575,1,0,0
1767723857,XRPUSDC,DECIDE_HOLD,,,,HOLD_MOM,,aggressive,1,0.004456129406007354,0.008913053166361155,32.142857142857146,56.91906005221951,1,0,1
1767723872,XRPUSDC,DECIDE_HOLD,,,,HOLD_MOM,,aggressive,1,0.01783564453560244,-0.053478318998166935,22.22222222222222,54.663212435233305,1,0,1
1767723887,XRPUSDC,DECIDE_HOLD,,,,HOLD_MOM,,aggressive,1,0.004458116000167934,-0.004457917261045246,37.03703703703704,55.38057742782127,1,0,1
1767723902,XRPUSDC,DECIDE_HOLD,,,,HOLD_MOM,,aggressive,1,0.0044579172610650425,-0.004457718539660814,26.923076923076923,50.14245014244981,1,0,1
1767723918,XRPUSDC,DECIDE_HOLD,,,,HOLD_MOM,,aggressive,1,0.004456923831161338,-0.008913053166361155,40.909090909090914,51.01449275362276,1,0,1
1767723934,XRPUSDC,DECIDE_HOLD,,,,HOLD_MOM,,aggressive,1,0.004456526583190473,-0.02673201158386874,37.5,51.46198830409342,1,0,1
1767723949,XRPUSDC,DECIDE_HOLD,,,,HOLD_MOM,,aggressive,1,0.004457321149978469,-0.01782610633272231,26.923076923076923,50.285714285714256,1,0,1
1767723964,XRPUSDC,DECIDE_HOLD,,,,HOLD_MOM,,aggressive,1,0.004459507670362604,-0.031206812001254736,18.51851851851852,46.44970414201155,1,0,1
1767723979,XRPUSDC,DECIDE_HOLD,,,,HOLD_MOM,,aggressive,1,0.004459905450013872,-0.05794517494985865,14.814814814814813,46.041055718475135,1,0,1
1767723995,XRPUSDC,DECIDE_HOLD,,,,HOLD_MOM,,aggressive,1,0.004460104366431779,0.004460303300633855,18.51851851851852,46.041055718475135,1,0,1
1767724010,XRPUSDC,DECIDE_HOLD,,,,HOLD_MOM,,aggressive,1,0.004460104366431779,-0.01783723522853761,14.285714285714285,45.77259475218667,1,0,1
1767724025,XRPUSDC,DECIDE_HOLD,,,,HOLD_MOM,,aggressive,1,0.008922198429692094,0.0,18.51851851851852,50.320512820512796,1,0,1
1767724041,XRPUSDC,DECIDE_HOLD,,,,HOLD_BAL,,aggressive,1,0.004455136772688538,0.10257325068010385,30.76923076923077,54.113924050633265,1,0,1
1767724056,XRPUSDC,DECIDE_HOLD,,,,HOLD_BAL,,aggressive,1,0.004453747828807333,0.07131078129873974,33.33333333333333,55.521472392638266,1,0,1
1767724072,XRPUSDC,DECIDE_HOLD,,,,HOLD_BAL,,aggressive,1,0.004449982200080591,0.13814001158593114,55.00000000000001,57.97101449275392,1,0,1
1767724088,XRPUSDC,DECIDE_HOLD,,,,HOLD_BAL,,aggressive,1,0.008900360464597835,0.06234136349469163,52.63157894736842,58.13953488372084,1,0,1
1767724104,XRPUSDC,DECIDE_HOLD,,,,HOLD_BAL,,aggressive,1,0.00444049733571097,0.2626775299407672,70.0,64.24870466321227,1,0,1
1767724119,XRPUSDC,DECIDE_HOLD,,,,HOLD_MOM,,aggressive,1,0.008879417510210352,0.02220347262312567,47.368421052631575,64.8854961832061,1,0,1
1767724135,XRPUSDC,DECIDE_HOLD,,,,HOLD_MOM,,aggressive,1,0.004437935472427597,0.013315579227685082,45.0,65.4135338345864,1,0,1
1767724150,XRPUSDC,DECIDE_HOLD,,,,HOLD_MOM,,aggressive,1,0.004438723423152871,-0.01775174188967097,39.130434782608695,69.2307692307696,1,0,1
1767724166,XRPUSDC,DECIDE_HOLD,,,,HOLD_MOM,,aggressive,1,0.004442470013336785,-0.09320491766898899,21.428571428571427,64.98740554156225,1,0,1
1767724181,XRPUSDC,DECIDE_HOLD,,,,HOLD_MOM,,aggressive,1,0.004443457009543077,-0.05329306746013535,17.857142857142858,64.50000000000021,1,0,1
1767724197,XRPUSDC,DECIDE_HOLD,,,,HOLD_MOM,,aggressive,1,0.0044438519308433065,0.0,25.0,64.17910447761219,1,0,1
1767724212,XRPUSDC,DECIDE_HOLD,,,,HOLD_MOM,,aggressive,1,0.004445432318302336,-0.022222222222229644,15.384615384615385,58.855585831062676,1,0,1
1767724227,XRPUSDC,DECIDE_HOLD,,,,HOLD_MOM,,aggressive,1,0.004448200702825098,-0.08000355571357848,18.51851851851852,56.84210526315843,1,0,1
1767724242,XRPUSDC,DECIDE_HOLD,,,,HOLD_MOM,,aggressive,1,0.0044474093840431855,-0.02223210315696607,22.22222222222222,57.90884718498668,1,0,1
1767724258,XRPUSDC,DECIDE_HOLD,,,,HOLD_MOM,,aggressive,1,0.004449190247384368,-0.04891715213234762,18.51851851851852,55.95854922279789,1,0,1
1767724273,XRPUSDC,DECIDE_HOLD,,,,HOLD_MOM,,aggressive,1,0.00445235975067725,-0.07118704395799182,21.428571428571427,54.82233502538079,1,0,1
1767724289,XRPUSDC,DECIDE_HOLD,,,,HOLD_MOM,,aggressive,1,0.004451368795894367,-0.008901945074997905,23.076923076923077,55.3846153846154,1,0,1
1767724304,XRPUSDC,DECIDE_HOLD,,,,HOLD_MOM,,aggressive,1,0.004452756256112162,-0.0044525579945575025,23.076923076923077,54.545454545454035,1,0,1
1767724320,XRPUSDC,DECIDE_HOLD,,,,HOLD_MOM,,aggressive,1,0.00445235975067725,-0.022256843979531135,10.714285714285714,54.82233502538079,1,0,1
1767724335,XRPUSDC,DECIDE_HOLD,,,,HOLD_MOM,,aggressive,1,0.008902341315765066,0.02226080762208819,21.428571428571427,55.949367088607936,1,0,1
1767724350,XRPUSDC,DECIDE_HOLD,,,,HOLD_MOM,,aggressive,1,0.004453549478924332,-0.017811025024488197,32.0,54.40806045340092,1,0,1
1767724366,XRPUSDC,DECIDE_HOLD,,,,HOLD_MOM,,aggressive,1,0.004453152832194823,-0.04006231916314814,25.925925925925924,54.82233502538079,1,0,1
1767724381,XRPUSDC,DECIDE_HOLD,,,,HOLD_BAL,,aggressive,1,0.0044497841854566345,0.102449888641424,37.5,64.95726495726512,1,0,1
1767724397,XRPUSDC,DECIDE_HOLD,,,,HOLD_MOM,,aggressive,1,0.0044517651248616365,-0.026703458097820727,20.0,64.34782608695674,1,0,1
1767724412,XRPUSDC,DECIDE_HOLD,,,,HOLD_MOM,,aggressive,1,0.008907495657594888,-0.05786521855248282,21.428571428571427,62.01117318435759,1,0,1
1767724428,XRPUSDC,DECIDE_HOLD,,,,HOLD_BAL,,aggressive,1,0.00445216152440973,0.03562998263039933,42.30769230769231,63.24786324786357,1,0,1
1767724443,XRPUSDC,DECIDE_HOLD,,,,HOLD_BAL,,aggressive,1,0.0044493882091108765,0.0445136879590425,40.0,62.57309941520467,1,0,1
1767724458,XRPUSDC,DECIDE_HOLD,,,,HOLD_BAL,,aggressive,1,0.004448794376733296,0.08459860189679029,42.857142857142854,62.79069767441858,1,0,1
1767724474,XRPUSDC,DECIDE_HOLD,,,,HOLD_MOM,,aggressive,1,0.004451963315831673,-0.057842046718579704,28.000000000000004,61.561561561561405,1,0,1
1767724489,XRPUSDC,DECIDE_HOLD,,,,HOLD_MOM,,aggressive,1,0.004452557994577276,-0.0667437928272696,21.428571428571427,60.303030303029864,1,0,1
1767724505,XRPUSDC,DECIDE_HOLD,,,,HOLD_MOM,,aggressive,1,0.004449982200080591,0.031159581571319865,25.925925925925924,56.565656565657044,1,0,1
1767724520,XRPUSDC,DECIDE_HOLD,,,,HOLD_BAL,,aggressive,1,0.004447013830222397,0.07120288371678268,39.130434782608695,58.16993464052338,1,0,1
1767724535,XRPUSDC,DECIDE_HOLD,,,,HOLD_BAL,,aggressive,1,0.004444641984097562,0.07561604839425276,52.63157894736842,60.371517027864286,1,0,1
1767724551,XRPUSDC,DECIDE_HOLD,,,,HOLD_MOM,,aggressive,1,0.0044474093840431855,-0.05334044539271316,20.833333333333336,59.10543130990425,1,0,1
1767724567,XRPUSDC,DECIDE_HOLD,,,,HOLD_MOM,,aggressive,1,0.004445629945752954,0.01778568252556496,22.22222222222222,69.03914590747303,1,0,1
1767724582,XRPUSDC,DECIDE_HOLD,,,,HOLD_MOM,,aggressive,1,0.0044438519308433065,0.01777856793637051,31.818181818181817,69.25795053003503,1,0,1
1767724597,XRPUSDC,DECIDE_HOLD,,,,HOLD_MOM,,aggressive,1,0.004448794376733296,-0.0933374816658514,23.076923076923077,66.05166051660551,1,0,1
1767724613,XRPUSDC,DECIDE_HOLD,,,,HOLD_MOM,,aggressive,1,0.00445097253748907,-0.11559151736094402,21.428571428571427,63.25088339222577,1,0,1
1767724629,XRPUSDC,DECIDE_HOLD,,,,HOLD_BAL,,aggressive,1,0.004448992303232946,0.048962877236717745,45.83333333333333,58.72340425531871,1,0,1
1767724644,XRPUSDC,DECIDE_HOLD,,,,HOLD_MOM,,aggressive,1,0.004448992303232946,-0.035579275072266485,17.391304347826086,58.36909871244595,1,0,1
1767724660,XRPUSDC,DECIDE_HOLD,,,,HOLD_MOM,,aggressive,1,0.004450576349626905,-0.03114433173161154,14.814814814814813,56.96202531645531,1,0,1
1767724675,XRPUSDC,DECIDE_HOLD,,,,HOLD_MOM,,aggressive,1,0.004453946196319568,-0.08899964400141419,11.538461538461538,53.35968379446646,1,0,1
1767724691,XRPUSDC,DECIDE_HOLD,,,,HOLD_BAL,,aggressive,1,0.00445097253748907,0.07572383073496815,34.61538461538461,54.615384615384144,1,0,1
1767724706,XRPUSDC,DECIDE_HOLD,,,,HOLD_MOM,,aggressive,1,0.004449190247384368,0.0,31.57894736842105,56.29629629629567,1,0,1
1767724722,XRPUSDC,DECIDE_HOLD,,,,HOLD_MOM,,aggressive,1,0.004449190247384368,0.013349352556389665,29.166666666666668,56.77655677655647,1,0,1
1767724738,XRPUSDC,DECIDE_HOLD,,,,HOLD_MOM,,aggressive,1,0.004449586188493861,-0.017795177506893675,19.230769230769234,56.13382899628228,1,0,1
1767724753,XRPUSDC,DECIDE_HOLD,,,,HOLD_MOM,,aggressive,1,0.004450180232289036,-0.013348758565442063,14.285714285714285,56.50557620817826,1,0,1
1767724768,XRPUSDC,DECIDE_HOLD,,,,HOLD_MOM,,aggressive,1,0.004451368795894367,-0.022251891410757584,25.0,54.31654676259031,1,0,1
1767724784,XRPUSDC,DECIDE_HOLD,,,,HOLD_MOM,,aggressive,1,0.004457718539641017,-0.124660522683769,23.076923076923077,48.242811501597274,1,0,1
1767724799,XRPUSDC,DECIDE_HOLD,,,,HOLD_MOM,,aggressive,1,0.0044610992148361416,-0.08914244963450614,37.03703703703704,45.48192771084319,1,0,1
1767724815,XRPUSDC,DECIDE_HOLD,,,,HOLD_BAL,,aggressive,1,0.004456129406007354,0.12046042651913647,52.17391304347826,51.714285714285516,1,0,1
1767724831,XRPUSDC,DECIDE_HOLD,,,,HOLD_BAL,,aggressive,1,0.004452557994577276,0.08913053166361155,42.10526315789473,53.443526170798805,1,0,1
1767724846,XRPUSDC,DECIDE_HOLD,,,,HOLD_MOM,,aggressive,1,0.004453747828807333,0.008908289163065252,28.57142857142857,53.31491712707145,1,0,1
1767724861,XRPUSDC,DECIDE_HOLD,,,,HOLD_MOM,,aggressive,1,0.008914244963450614,-0.05790903826451418,17.857142857142858,44.1935483870969,1,0,1
1767724877,XRPUSDC,DECIDE_HOLD,,,,HOLD_MOM,,aggressive,1,0.004457122481735204,-0.02228064702999719,25.925925925925924,44.1935483870969,1,0,1
1767724892,XRPUSDC,DECIDE_HOLD,,,,HOLD_MOM,,aggressive,1,0.004455930843942917,0.026742734890371638,31.818181818181817,45.659163987138434,1,0,1
1767724907,XRPUSDC,DECIDE_HOLD,,,,HOLD_MOM,,aggressive,1,0.004457321149978469,-0.062363579669466165,0.0,44.1935483870969,1,0,1
1767724923,XRPUSDC,DECIDE_HOLD,,,,HOLD_MOM,,aggressive,1,0.004455930843942917,0.026742734890371638,11.11111111111111,32.2957198443581,1,0,1
1767724938,XRPUSDC,DECIDE_HOLD,,,,HOLD_MOM,,aggressive,1,0.004456129406007354,-0.013366601318846417,25.925925925925924,32.93650793650828,1,0,1
1767724954,XRPUSDC,DECIDE_HOLD,,,,HOLD_MOM,,aggressive,1,0.004452954535343592,0.08467777876816174,20.0,35.98484848484844,1,0,1
1767724969,XRPUSDC,DECIDE_HOLD,,,,HOLD_MOM,,aggressive,1,0.004453152832194823,-0.004452954535323817,14.285714285714285,36.22641509433904,1,0,1
1767724984,XRPUSDC,DECIDE_HOLD,,,,HOLD_MOM,,aggressive,1,0.004453351146747319,0.022271714922036653,18.51851851851852,40.408163265305895,1,0,1
1767725000,XRPUSDC,DECIDE_HOLD,,,,HOLD_MOM,,aggressive,1,0.004453152832194823,-0.022260807622107963,10.714285714285714,40.408163265305895,1,0,1
1767725015,XRPUSDC,DECIDE_HOLD,,,,HOLD_MOM,,aggressive,1,0.004453946196319568,-0.017812611328818843,11.11111111111111,39.91935483870915,1,0,1
1767725030,XRPUSDC,DECIDE_HOLD,,,,HOLD_MOM,,aggressive,1,0.004456526583190473,-0.0668032421840232,3.4482758620689653,37.786259541984485,1,0,1
1767725045,XRPUSDC,DECIDE_HOLD,,,,HOLD_MOM,,aggressive,1,0.013364219529568108,0.040108739248635096,11.11111111111111,44.85596707818936,1,0,1
1767725061,XRPUSDC,DECIDE_HOLD,,,,HOLD_BAL,,aggressive,1,0.00445216152440973,0.09804358482999251,37.5,47.65625000000025,1,0,1
1767725077,XRPUSDC,DECIDE_HOLD,,,,HOLD_MOM,,aggressive,1,0.00445235975067725,-0.0044521615244295,12.5,47.45098039215759,1,0,1
1767725092,XRPUSDC,DECIDE_HOLD,,,,HOLD_MOM,,aggressive,1,0.004452756256112162,-0.04450774434751157,7.6923076923076925,46.61354581673295,1,0,1
1767725108,XRPUSDC,DECIDE_HOLD,,,,HOLD_MOM,,aggressive,1,0.004453549478924332,-0.013358863605991226,19.230769230769234,47.84482758620619,1,0,1
1767725124,XRPUSDC,DECIDE_HOLD,,,,HOLD_BAL,,aggressive,1,0.004450576349626905,0.0668032421840232,43.47826086956522,51.20967741935468,1,0,1
1767725139,XRPUSDC,DECIDE_HOLD,,,,HOLD_MOM,,aggressive,1,0.00445216152440973,-0.04450180232298918,33.33333333333333,49.79253112033152,1,0,1
1767725154,XRPUSDC,DECIDE_HOLD,,,,HOLD_MOM,,aggressive,1,0.004451368795894367,0.017808646097678463,28.57142857142857,50.813008130081194,1,0,1
1767725170,XRPUSDC,DECIDE_HOLD,,,,HOLD_MOM,,aggressive,1,0.008907892392658916,-0.05341880341879754,17.857142857142858,46.91358024691349,1,0,1
1767725185,XRPUSDC,DECIDE_HOLD,,,,HOLD_BAL,,aggressive,1,0.004450576349626905,0.1292335115864484,48.0,50.612244897958654,1,0,1
1767725201,XRPUSDC,DECIDE_HOLD,,,,HOLD_MOM,,aggressive,1,0.004453351146747319,-0.03561412099899194,20.833333333333336,47.10743801652838,1,0,1
1767725216,XRPUSDC,DECIDE_HOLD,,,,HOLD_MOM,,aggressive,1,0.004452954535343592,0.00890670229347486,21.428571428571427,48.10126582278457,1,0,1
1767725232,XRPUSDC,DECIDE_HOLD,,,,HOLD_MOM,,aggressive,1,0.004458911133890709,-0.1780389014999779,8.0,42.379182156134235,0,0,1
1767725247,XRPUSDC,DECIDE_HOLD,,,,HOLD_BAL,,aggressive,1,0.004452954535343592,0.11144793152638849,53.84615384615385,49.58333333333339,1,0,1
1767725263,XRPUSDC,DECIDE_HOLD,,,,HOLD_BAL,,aggressive,1,0.004450576349626905,0.08909082809925715,52.63157894736842,51.405622489960095,1,0,1
1767725278,XRPUSDC,DECIDE_HOLD,,,,HOLD_MOM,,aggressive,1,0.0044497841854566345,0.0,31.57894736842105,53.816793893130104,1,0,1
1767725293,XRPUSDC,DECIDE_HOLD,,,,HOLD_MOM,,aggressive,1,0.004448992303232946,-0.022240014233616535,29.166666666666668,50.78740157480302,1,0,1
1767725309,XRPUSDC,DECIDE_HOLD,,,,HOLD_BAL,,aggressive,1,0.0044438519308433065,0.08895610016457875,48.0,55.51470588235304,1,0,1
1767725325,XRPUSDC,DECIDE_HOLD,,,,HOLD_BAL,,aggressive,1,0.0044426673774830925,0.06668444918645224,55.00000000000001,56.47482014388486,1,0,1
1767725340,XRPUSDC,DECIDE_HOLD,,,,HOLD_BAL,,aggressive,1,0.008881389049246324,0.04442667377492958,38.88888888888889,57.83972125435553,1,0,1
1767725355,XRPUSDC,DECIDE_HOLD,,,,HOLD_BAL,,aggressive,1,0.00443951165372746,0.05774697938877395,40.909090909090914,57.394366197182954,1,0,1
1767725371,XRPUSDC,DECIDE_HOLD,,,,HOLD_MOM,,aggressive,1,0.004443654461438457,-0.07548510279295036,25.0,53.264604810996524,1,0,1
1767725386,XRPUSDC,DECIDE_HOLD,,,,HOLD_MOM,,aggressive,1,0.004446618346756683,-0.0932918702798752,25.0,50.8196721311478,1,0,1
1767725402,XRPUSDC,DECIDE_HOLD,,,,HOLD_MOM,,aggressive,1,0.004451566951576346,-0.18661690215942334,12.0,48.136645962733155,1,0,1
1767725418,XRPUSDC,DECIDE_HOLD,,,,HOLD_MOM,,aggressive,1,0.0044545414049717595,-0.16010673782521895,24.0,45.99406528189928,1,0,1
1767725434,XRPUSDC,DECIDE_HOLD,,,,HOLD_BAL,,aggressive,1,0.004451368795894367,0.06681514476614953,33.33333333333333,48.89589905362756,1,0,1
1767725449,XRPUSDC,DECIDE_HOLD,,,,HOLD_MOM,,aggressive,1,0.004453549478924332,-0.0623108420865162,26.08695652173913,47.2560975609753,1,0,1
1767725465,XRPUSDC,DECIDE_HOLD,,,,HOLD_BAL,,aggressive,1,0.004451170657892417,0.0935620405435505,37.03703703703704,52.22929936305701,1,0,1
1767725480,XRPUSDC,DECIDE_HOLD,,,,HOLD_MOM,,aggressive,1,0.004453549478924332,-0.02226278997282706,18.51851851851852,50.0,1,0,1
1767725496,XRPUSDC,DECIDE_HOLD,,,,HOLD_MOM,,aggressive,1,0.00445235975067725,0.02672129687360532,23.076923076923077,50.819672131147065,1,0,1
1767725511,XRPUSDC,DECIDE_HOLD,,,,HOLD_MOM,,aggressive,1,0.004452756256112162,-0.062299750800989935,8.0,50.819672131147065,1,0,1
1767725526,XRPUSDC,DECIDE_HOLD,,,,HOLD_MOM,,aggressive,1,0.00445235975067725,-0.01335529537462445,18.51851851851852,47.4576271186441,1,0,1
1767725542,XRPUSDC,DECIDE_HOLD,,,,HOLD_MOM,,aggressive,1,0.004450576349626905,0.017805475183617,30.76923076923077,49.15254237288111,1,0,1
1767725557,XRPUSDC,DECIDE_HOLD,,,,HOLD_MOM,,aggressive,1,0.004451566951576346,-0.017803097739004625,15.384615384615385,48.10996563573875,1,0,1
1767725573,XRPUSDC,DECIDE_HOLD,,,,HOLD_BAL,,aggressive,1,0.0044474093840431855,0.09348290598290558,37.03703703703704,51.76848874598081,1,0,1
1767725588,XRPUSDC,DECIDE_HOLD,,,,HOLD_BAL,,aggressive,1,0.004447607187322849,0.04004449388209668,35.0,64.79999999999967,1,0,1
1767725604,XRPUSDC,DECIDE_HOLD,,,,HOLD_MOM,,aggressive,1,0.004447013830222397,0.04003914939052065,30.76923076923077,65.32258064516088,1,0,1
1767725619,XRPUSDC,DECIDE_HOLD,,,,HOLD_MOM,,aggressive,1,0.004451566951576346,-0.09339559706470939,11.11111111111111,59.77859778597772,1,0,1
1767725635,XRPUSDC,DECIDE_HOLD,,,,HOLD_MOM,,aggressive,1,0.00445235975067725,-0.06674082313682121,19.230769230769234,59.34065934065927,1,0,1
1767725650,XRPUSDC,DECIDE_HOLD,,,,HOLD_MOM,,aggressive,1,0.0044517651248616365,-0.004451566951556576,25.925925925925924,55.15873015872951,1,0,1
1767725665,XRPUSDC,DECIDE_HOLD,,,,HOLD_MOM,,aggressive,1,0.0044493882091108765,0.0445136879590425,25.0,56.20155038759615,1,0,1
1767725681,XRPUSDC,DECIDE_HOLD,,,,HOLD_MOM,,aggressive,1,0.004448200702825098,0.0890432304883923,19.230769230769234,57.6779026217223,1,0,1
1767725696,XRPUSDC,DECIDE_HOLD,,,,HOLD_MOM,,aggressive,1,0.0044497841854566345,0.008900360464597835,13.793103448275861,56.53846153846075,1,0,1
1767725712,XRPUSDC,DECIDE_HOLD,,,,HOLD_MOM,,aggressive,1,0.004451368795894367,-0.03559827348373212,14.814814814814813,54.08560311284044,1,0,1
1767725727,XRPUSDC,DECIDE_HOLD,,,,HOLD_MOM,,aggressive,1,0.004453152832194823,-0.022260807622107963,11.11111111111111,52.651515151514836,1,0,1
1767725742,XRPUSDC,DECIDE_HOLD,,,,HOLD_MOM,,aggressive,1,0.0044541445815425166,-0.04897159647404954,17.857142857142858,52.255639097744094,1,0,1
1767725757,XRPUSDC,DECIDE_HOLD,,,,HOLD_MOM,,aggressive,1,0.004453549478924332,0.04455533772945508,25.925925925925924,51.48148148148132,1,0,1
1767725773,XRPUSDC,DECIDE_HOLD,,,,HOLD_MOM,,aggressive,1,0.008911861687905621,-0.04453946196329458,10.714285714285714,48.046875000000234,1,0,1
1767725788,XRPUSDC,DECIDE_HOLD,,,,HOLD_MOM,,aggressive,1,0.004457718539641017,-0.0668210976478999,15.384615384615385,45.05494505494525,0,0,1
1767725803,XRPUSDC,DECIDE_HOLD,,,,HOLD_MOM,,aggressive,1,0.004459507670362604,-0.04011946685686814,6.896551724137931,43.61702127659576,0,0,1
1767725819,XRPUSDC,DECIDE_HOLD,,,,HOLD_MOM,,aggressive,1,0.004458314757031255,0.017836439846604654,21.428571428571427,44.565217391304245,0,0,1
1767725835,XRPUSDC,DECIDE_HOLD,,,,HOLD_MOM,,aggressive,1,0.004460303300633855,-0.06685981724983538,11.11111111111111,46.59090909090949,0,0,1
1767725850,XRPUSDC,DECIDE_HOLD,,,,HOLD_MOM,,aggressive,1,0.004462891060838623,-0.09363295880149772,11.11111111111111,44.404332129964175,0,0,1
1767725866,XRPUSDC,DECIDE_HOLD,,,,HOLD_BAL,,aggressive,1,0.004459308807124501,0.0713998839752005,35.714285714285715,47.30769230769263,0,0,1
1767725881,XRPUSDC,DECIDE_HOLD,,,,HOLD_BAL,,aggressive,1,0.008909082809923738,0.1740294511378756,57.14285714285714,51.111111111110965,0,0,1
1767725897,XRPUSDC,DECIDE_HOLD,,,,HOLD_BAL,,aggressive,1,0.004453152832194823,0.10252752641198096,44.44444444444444,52.34657039711123,0,0,1
1767725912,XRPUSDC,DECIDE_HOLD,,,,HOLD_MOM,,aggressive,1,0.008907892392658916,-0.0133600534402024,27.27272727272727,51.111111111110965,0,0,1
1767725927,XRPUSDC,DECIDE_HOLD,,,,HOLD_MOM,,aggressive,1,0.004455136772688538,-0.031176234801572212,18.51851851851852,50.74626865671631,0,0,1
1767725942,XRPUSDC,DECIDE_HOLD,,,,HOLD_MOM,,aggressive,1,0.004453351146747319,0.05346878759523539,32.0,48.83720930232574,0,0,1
1767725958,XRPUSDC,DECIDE_HOLD,,,,HOLD_BAL,,aggressive,1,0.004452557994577276,0.0534592595892488,38.095238095238095,50.0,0,0,1
1767725973,XRPUSDC,DECIDE_HOLD,,,,HOLD_MOM,,aggressive,1,0.004453747828807333,-0.04896723646724096,12.5,49.03474903474873,0,0,1
1767725989,XRPUSDC,DECIDE_HOLD,,,,HOLD_MOM,,aggressive,1,0.004453747828807333,-0.013359458496624019,23.076923076923077,48.43750000000021,0,0,1
1767726004,XRPUSDC,DECIDE_HOLD,,,,HOLD_MOM,,aggressive,1,0.0044517651248616365,0.04899340815963392,33.33333333333333,51.52671755725255,0,0,1
1767726019,XRPUSDC,DECIDE_HOLD,,,,HOLD_MOM,,aggressive,1,0.00445216152440973,0.03562998263039933,26.923076923076923,50.583657587549,0,0,1
1767726034,XRPUSDC,DECIDE_HOLD,,,,HOLD_BAL,,aggressive,1,0.00445097253748907,0.07126631330454179,36.0,52.43445692883907,0,0,1
1767726050,XRPUSDC,DECIDE_HOLD,,,,HOLD_MOM,,aggressive,1,0.008903926631643574,-0.022254862687504647,32.0,50.0,0,0,1
1767726065,XRPUSDC,DECIDE_HOLD,,,,HOLD_MOM,,aggressive,1,0.004450180232289036,0.031160968660975116,25.925925925925924,48.16326530612221,0,0,1
1767726081,XRPUSDC,DECIDE_HOLD,,,,HOLD_MOM,,aggressive,1,0.004451170657892417,-0.031148489298275486,25.925925925925924,47.30290456431521,0,0,1
1767726096,XRPUSDC,DECIDE_HOLD,,,,HOLD_MOM,,aggressive,1,0.004453549478924332,-0.05786264298749627,7.142857142857142,44.871794871794506,0,0,1
1767726111,XRPUSDC,DECIDE_HOLD,,,,HOLD_MOM,,aggressive,1,0.0044545414049717595,-0.04007480630510833,14.285714285714285,43.56846473028985,0,0,1
1767726127,XRPUSDC,DECIDE_HOLD,,,,HOLD_MOM,,aggressive,1,0.004453946196319568,-0.004453747828787553,29.629629629629626,33.663366336633615,0,0,1
1767726142,XRPUSDC,DECIDE_HOLD,,,,HOLD_MOM,,aggressive,1,0.004456327985729364,-0.04454342984409308,17.857142857142858,31.627906976744725,0,0,1
1767726157,XRPUSDC,DECIDE_HOLD,,,,HOLD_MOM,,aggressive,1,0.004457718539641017,-0.035649035247979674,14.285714285714285,30.769230769230774,0,0,1
1767726172,XRPUSDC,DECIDE_HOLD,,,,HOLD_MOM,,aggressive,1,0.004456923831161338,0.013372559507898236,14.285714285714285,32.07547169811336,0,0,1
1767726187,XRPUSDC,DECIDE_HOLD,,,,HOLD_MOM,,aggressive,1,0.0044579172610650425,-0.05791935843172551,14.814814814814813,37.23404255319094,0,0,1
1767726202,XRPUSDC,DECIDE_HOLD,,,,HOLD_BAL,,aggressive,1,0.004455533772935615,0.035656979853822254,44.44444444444444,40.703517587939366,0,0,1
1767726218,XRPUSDC,DECIDE_HOLD,,,,HOLD_BAL,,aggressive,1,0.004452954535343592,0.09806106529974404,45.0,43.80952380952367,0,0,1
1767726233,XRPUSDC,DECIDE_HOLD,,,,HOLD_MOM,,aggressive,1,0.004455732299612843,-0.08013890743957285,9.090909090909092,40.40404040404079,0,0,1
1767726249,XRPUSDC,DECIDE_HOLD,,,,HOLD_MOM,,aggressive,1,0.004454342984399418,-0.013361243486382441,25.925925925925924,47.643979057592446,0,0,1
1767726264,XRPUSDC,DECIDE_HOLD,,,,HOLD_MOM,,aggressive,1,0.004453747828807333,0.013363028953218035,26.923076923076923,50.52083333333442,0,0,1
1767726280,XRPUSDC,DECIDE_HOLD,,,,HOLD_MOM,,aggressive,1,0.004451368795894367,0.03562363628268941,25.0,51.53061224489888,0,0,1
1767726295,XRPUSDC,DECIDE_HOLD,,,,HOLD_MOM,,aggressive,1,0.004450576349626905,0.044525579945693665,26.08695652173913,52.50000000000078,0,0,1
1767726310,XRPUSDC,DECIDE_HOLD,,,,HOLD_BAL,,aggressive,1,0.0044483985765020875,0.06231638921037523,33.33333333333333,53.88349514563065,1,0,1
1767726325,XRPUSDC,DECIDE_HOLD,,,,HOLD_BAL,,aggressive,1,0.004447211598317484,0.04894327030033819,40.909090909090914,53.2019704433489,1,0,1
1767726341,XRPUSDC,DECIDE_HOLD,,,,HOLD_BAL,,aggressive,1,0.004445629945752954,0.07563286915513791,50.0,56.62100456620981,1,0,1
1767726356,XRPUSDC,DECIDE_HOLD,,,,HOLD_MOM,,aggressive,1,0.004445629945752954,-0.013335111348168421,17.391304347826086,57.01357466063322,1,0,1
1767726371,XRPUSDC,DECIDE_HOLD,,,,HOLD_MOM,,aggressive,1,0.004446618346756683,-0.026672593909754787,29.629629629629626,50.73170731707362,1,0,1
1767726386,XRPUSDC,DECIDE_HOLD,,,,HOLD_MOM,,aggressive,1,0.004445629945752954,-0.031109728456519485,14.814814814814813,52.261306532663596,1,0,1
1767726401,XRPUSDC,DECIDE_HOLD,,,,HOLD_MOM,,aggressive,1,0.008896005693442663,-0.06223328591748959,12.5,48.37209302325652,1,0,1
1767726416,XRPUSDC,DECIDE_HOLD,,,,HOLD_MOM,,aggressive,1,0.004446420631381367,0.0,23.076923076923077,51.231527093596455,1,0,1
1767726432,XRPUSDC,DECIDE_HOLD,,,,HOLD_MOM,,aggressive,1,0.004448794376733296,-0.062244353547941035,17.857142857142858,54.73684210526249,1,0,1
1767726448,XRPUSDC,DECIDE_HOLD,,,,HOLD_MOM,,aggressive,1,0.004446816079676581,0.057842046718579704,34.48275862068966,58.064516129032484,1,0,1
1767726464,XRPUSDC,DECIDE_HOLD,,,,HOLD_BAL,,aggressive,1,0.004445629945752954,0.04002668445630967,38.095238095238095,59.16230366492108,1,0,1
1767726480,XRPUSDC,DECIDE_HOLD,,,,HOLD_MOM,,aggressive,1,0.004444641984097562,0.00889007423211886,22.727272727272727,59.16230366492108,1,0,1
1767726495,XRPUSDC,DECIDE_HOLD,,,,HOLD_MOM,,aggressive,1,0.004443062158429241,0.04889758179232312,22.22222222222222,59.37500000000008,1,0,1
1767726511,XRPUSDC,DECIDE_HOLD,,,,HOLD_MOM,,aggressive,1,0.004443457009543077,-0.008886124316878213,7.142857142857142,59.16230366492204,1,0,1
1767726526,XRPUSDC,DECIDE_HOLD,,,,HOLD_MOM,,aggressive,1,0.004443259575233761,-0.02665245202558342,10.714285714285714,59.37500000000008,1,0,1
1767726541,XRPUSDC,DECIDE_HOLD,,,,HOLD_MOM,,aggressive,1,0.004443062158429241,0.02222024708915505,11.11111111111111,63.88888888888807,1,0,1
1767726556,XRPUSDC,DECIDE_HOLD,,,,HOLD_BAL,,aggressive,1,0.004439905874004841,0.07553541277881609,40.0,67.87564766839324,1,0,1
1767726572,XRPUSDC,DECIDE_HOLD,,,,HOLD_MOM,,aggressive,1,0.0044397087550953175,0.013320900492881711,26.31578947368421,67.70833333333319,1,0,1
1767726587,XRPUSDC,DECIDE_HOLD,,,,HOLD_MOM,,aggressive,1,0.0044397087550953175,0.013320900492881711,24.0,68.04123711340188,1,0,1
1767726602,XRPUSDC,DECIDE_HOLD,,,,HOLD_MOM,,aggressive,1,0.00444049733571097,-0.031073822524088645,14.814814814814813,77.10843373493954,1,0,1
1767726618,XRPUSDC,DECIDE_HOLD,,,,HOLD_MOM,,aggressive,1,0.004441483455463777,-0.017762778098492648,14.814814814814813,74.5562130177525,1,0,1
1767726633,XRPUSDC,DECIDE_HOLD,,,,HOLD_MOM,,aggressive,1,0.004440694524613302,0.03998223011995215,25.925925925925924,76.82926829268273,1,0,1
1767726648,XRPUSDC,DECIDE_HOLD,,,,HOLD_MOM,,aggressive,1,0.004443259575233761,-0.044412861964820124,18.51851851851852,72.41379310344854,1,0,1
1767726663,XRPUSDC,DECIDE_HOLD,,,,HOLD_MOM,,aggressive,1,0.004440891731068969,0.017766722927953983,32.142857142857146,75.757575757576,1,0,1
1767726679,XRPUSDC,DECIDE_HOLD,,,,HOLD_MOM,,aggressive,1,0.004439905874004841,0.026646533730067676,25.0,76.33136094674573,1,0,1
1767726694,XRPUSDC,DECIDE_HOLD,,,,HOLD_MOM,,aggressive,1,0.004440103010379493,-0.004439905873985124,11.538461538461538,76.04790419161698,1,0,1
1767726710,XRPUSDC,DECIDE_HOLD,,,,HOLD_MOM,,aggressive,1,0.004440694524613302,-0.026637069922305613,10.714285714285714,75.757575757576,1,0,1
1767726725,XRPUSDC,DECIDE_HOLD,,,,HOLD_MOM,,aggressive,1,0.004443259575233761,-0.06660450246436911,11.11111111111111,69.18238993710767,1,0,1
1767726740,XRPUSDC,DECIDE_HOLD,,,,HOLD_MOM,,aggressive,1,0.004441878026019053,0.0044420753376071,11.11111111111111,72.15189873417675,1,0,1
1767726755,XRPUSDC,DECIDE_HOLD,,,,HOLD_MOM,,aggressive,1,0.008886124316878213,-0.026651268156173493,7.6923076923076925,69.18238993710767,1,0,1
1767726771,XRPUSDC,DECIDE_HOLD,,,,HOLD_MOM,,aggressive,1,0.004443062158429241,0.017775407723412698,18.51851851851852,68.32298136646043,1,0,1
1767726786,XRPUSDC,DECIDE_HOLD,,,,HOLD_MOM,,aggressive,1,0.004441878026019053,0.035547656076423545,22.22222222222222,70.27027027026995,1,0,1
1767726802,XRPUSDC,DECIDE_HOLD,,,,HOLD_MOM,,aggressive,1,0.004439905874004841,0.035531867643789114,22.22222222222222,72.15189873417754,1,0,1
1767726817,XRPUSDC,DECIDE_HOLD,,,,HOLD_MOM,,aggressive,1,0.008876264867742676,0.03551767004084141,22.22222222222222,73.49397590361463,1,0,1
1767726832,XRPUSDC,DECIDE_HOLD,,,,HOLD_MOM,,aggressive,1,0.004437935472427597,0.013315579227685082,23.076923076923077,73.49397590361463,1,0,1
1767726848,XRPUSDC,DECIDE_HOLD,,,,HOLD_MOM,,aggressive,1,0.00443852640922179,0.004438723423152871,18.51851851851852,71.0059171597628,1,0,1
1767726863,XRPUSDC,DECIDE_HOLD,,,,HOLD_BAL,,aggressive,1,0.0044351798465324405,0.0488107916222977,35.714285714285715,75.0,1,0,1
1767726878,XRPUSDC,DECIDE_HOLD,,,,HOLD_MOM,,aggressive,1,0.00887193363793541,0.02218475463662113,40.909090909090914,74.41860465116285,1,0,1
1767726894,XRPUSDC,DECIDE_HOLD,,,,HOLD_MOM,,aggressive,1,0.004437147801402628,-0.0221808180285763,38.46153846153847,73.65269461077824,1,0,1
1767726909,XRPUSDC,DECIDE_HOLD,,,,HOLD_MOM,,aggressive,1,0.004436360409909362,0.0,40.0,73.71428571428618,1,0,1
1767726925,XRPUSDC,DECIDE_HOLD,,,,HOLD_BAL,,aggressive,1,0.0044353765634795985,0.035495607418578046,44.44444444444444,76.92307692307773,1,0,1
1767726940,XRPUSDC,DECIDE_HOLD,,,,HOLD_MOM,,aggressive,1,0.004433999911309668,0.0310476359442981,28.000000000000004,77.71428571428643,1,0,1
1767726955,XRPUSDC,DECIDE_HOLD,,,,HOLD_MOM,,aggressive,1,0.0044353765634795985,-0.013304359395103507,20.833333333333336,77.32558139534989,1,0,1
1767726971,XRPUSDC,DECIDE_HOLD,,,,HOLD_MOM,,aggressive,1,0.004437147801402628,-0.0399183890712376,11.11111111111111,86.5771812080551,1,0,1
1767726986,XRPUSDC,DECIDE_HOLD,,,,HOLD_MOM,,aggressive,1,0.004438723423152871,-0.01775174188967097,10.344827586206897,75.88235294117571,1,0,1
1767727001,XRPUSDC,DECIDE_HOLD,,,,HOLD_MOM,,aggressive,1,0.004436950927312403,0.03994851080829699,32.142857142857146,84.86842105263189,1,0,1
1767727017,XRPUSDC,DECIDE_HOLD,,,,HOLD_MOM,,aggressive,1,0.00443655723159765,0.008873901854644511,16.0,84.86842105263189,1,0,1
1767727032,XRPUSDC,DECIDE_HOLD,,,,HOLD_MOM,,aggressive,1,0.004435966818957855,0.03550033281563594,28.57142857142857,84.49612403100909,1,0,1
1767727048,XRPUSDC,DECIDE_HOLD,,,,HOLD_RSI,,aggressive,1,0.004432820603739835,0.09761725163066078,31.03448275862069,86.30136986301495,1,0,1
1767727063,XRPUSDC,DECIDE_HOLD,,,,HOLD_MOM,,aggressive,1,0.004432231185168289,0.031035247173582133,31.03448275862069,86.5771812080551,1,0,1
1767727079,XRPUSDC,DECIDE_HOLD,,,,HOLD_MOM,,aggressive,1,0.004430856484567816,0.03545942112494623,27.586206896551722,87.09677419354968,1,0,1
1767727094,XRPUSDC,DECIDE_HOLD,,,,HOLD_MOM,,aggressive,1,0.004433410179119127,-0.06202924235712405,18.51851851851852,79.11392405063327,1,0,1
1767727110,XRPUSDC,DECIDE_HOLD,,,,HOLD_MOM,,aggressive,1,0.004442864759206106,-0.2216508555722978,28.57142857142857,60.386473429951224,1,0,1
1767727125,XRPUSDC,DECIDE_HOLD,,,,HOLD_MOM,,aggressive,1,0.004442864759206106,-0.008884940026653841,7.4074074074074066,60.386473429951224,1,0,1
1767727140,XRPUSDC,DECIDE_HOLD,,,,HOLD_MOM,,aggressive,1,0.004443259575233761,-0.008885729518392482,3.571428571428571,59.808612440190984,1,0,1
1767727156,XRPUSDC,DECIDE_HOLD,,,,HOLD_MOM,,aggressive,1,0.004440891731068969,0.053319114902686746,25.0,55.55555555555556,1,0,1
1767727171,XRPUSDC,DECIDE_HOLD,,,,HOLD_MOM,,aggressive,1,0.004441088955001418,0.0,25.0,55.55555555555556,1,0,1
1767727186,XRPUSDC,DECIDE_HOLD,,,,HOLD_MOM,,aggressive,1,0.004441680731998358,-0.008882572392964024,7.4074074074074066,54.8387096774189,1,0,1
1767727201,XRPUSDC,DECIDE_HOLD,,,,HOLD_MOM,,aggressive,1,0.004441680731998358,0.0,11.538461538461538,58.19209039547993,1,0,1
1767727217,XRPUSDC,DECIDE_HOLD,,,,HOLD_MOM,,aggressive,1,0.0044420753376071,-0.004441878026038779,7.4074074074074066,57.303370786516126,1,0,1
1767727232,XRPUSDC,DECIDE_HOLD,,,,HOLD_MOM,,aggressive,1,0.004441286196491874,0.004441483455463777,11.538461538461538,58.659217877094626,1,0,1
1767727247,XRPUSDC,DECIDE_HOLD,,,,HOLD_MOM,,aggressive,1,0.004441286196491874,-0.008881783462118216,11.538461538461538,58.19209039547993,1,0,1
1767727263,XRPUSDC,DECIDE_HOLD,,,,HOLD_MOM,,aggressive,1,0.004443259575233761,-0.02665245202558342,17.24137931034483,52.24719101123698,1,0,0
1767727278,XRPUSDC,DECIDE_HOLD,,,,HOLD_MOM,,aggressive,1,0.004448794376733296,-0.11109629827135896,10.344827586206897,46.03960396039648,1,0,1
1767727293,XRPUSDC,DECIDE_HOLD,,,,HOLD_MOM,,aggressive,1,0.00445077443476104,-0.0622720398541184,7.4074074074074066,43.661971830986126,1,0,1
1767727309,XRPUSDC,DECIDE_HOLD,,,,HOLD_MOM,,aggressive,1,0.004448596467823793,0.03560144185839134,11.11111111111111,44.92753623188412,1,0,1
1767727324,XRPUSDC,DECIDE_HOLD,,,,HOLD_MOM,,aggressive,1,0.0044541445815425166,-0.08900360464599813,3.571428571428571,37.49999999999923,0,0,1
1767727339,XRPUSDC,DECIDE_HOLD,,,,HOLD_MOM,,aggressive,1,0.004456526583190473,-0.12907245860779343,13.793103448275861,34.76394849785329,0,0,1
1767727354,XRPUSDC,DECIDE_HOLD,,,,HOLD_MOM,,aggressive,1,0.004455533772935615,0.017825311942957035,21.428571428571427,36.81818181818113,0,0,1
1767727369,XRPUSDC,DECIDE_HOLD,,,,HOLD_MOM,,aggressive,1,0.004456327985729364,-0.05344735435595349,7.4074074074074066,35.526315789473145,0,0,1
1767727385,XRPUSDC,DECIDE_HOLD,,,,HOLD_MOM,,aggressive,1,0.004458911133890709,-0.05793226381462026,7.4074074074074066,31.250000000000256,0,0,1
1767727400,XRPUSDC,DECIDE_HOLD,,,,HOLD_MOM,,aggressive,1,0.004459905450013872,-0.026752273943282234,23.076923076923077,30.172413793103814,0,0,1
1767727416,XRPUSDC,DECIDE_HOLD,,,,HOLD_MOM,,aggressive,1,0.004460900209671724,-0.026758239307870402,14.285714285714285,29.53586497890366,0,0,1
1767727431,XRPUSDC,DECIDE_HOLD,,,,HOLD_MOM,,aggressive,1,0.004459706551298529,-0.008918617614268804,7.4074074074074066,30.042918454936284,0,0,1
1767727447,XRPUSDC,DECIDE_HOLD,,,,HOLD_MOM,,aggressive,1,0.0044579172610650425,0.035676061362821615,25.0,33.33333333333333,0,0,1
1767727462,XRPUSDC,DECIDE_HOLD,,,,HOLD_MOM,,aggressive,1,0.004459507670362604,-0.013376733401711732,14.814814814814813,32.25806451612915,0,0,1
1767727477,XRPUSDC,DECIDE_HOLD,,,,HOLD_MOM,,aggressive,1,0.004457321149978469,0.031210986267172506,18.51851851851852,33.85826771653538,0,0,1
1767727493,XRPUSDC,DECIDE_HOLD,,,,HOLD_MOM,,aggressive,1,0.004458712323890272,-0.022288592698264477,14.285714285714285,32.25806451612915,0,0,1
1767727508,XRPUSDC,DECIDE_HOLD,,,,HOLD_MOM,,aggressive,1,0.004459109961661065,-0.04902616214289347,19.230769230769234,32.53012048192841,0,0,1
1767727523,XRPUSDC,DECIDE_HOLD,,,,HOLD_MOM,,aggressive,1,0.0044610992148361416,-0.06241640659829897,17.24137931034483,31.517509727626702,0,0,1
1767727538,XRPUSDC,DECIDE_HOLD,,,,HOLD_MOM,,aggressive,1,0.004462094507171078,-0.03122490855563141,7.142857142857142,30.68181818181877,0,0,1
1767727554,XRPUSDC,DECIDE_HOLD,,,,HOLD_MOM,,aggressive,1,0.004462293618909725,-0.008923790826342048,10.714285714285714,30.68181818181877,0,0,1
1767727570,XRPUSDC,DECIDE_HOLD,,,,HOLD_MOM,,aggressive,1,0.004462094507171078,0.004462293618909725,15.384615384615385,31.29770992366379,0,0,1
1767727585,XRPUSDC,DECIDE_HOLD,,,,HOLD_MOM,,aggressive,1,0.004461696336956723,0.013386880856748992,28.57142857142857,32.07547169811336,0,0,1
1767727601,XRPUSDC,DECIDE_HOLD,,,,HOLD_MOM,,aggressive,1,0.004466479074535126,-0.12936033544472758,13.793103448275861,28.070175438596323,0,0,1
1767727616,XRPUSDC,DECIDE_HOLD,,,,HOLD_MOM,,aggressive,1,0.004464285714275309,-0.03570153516600821,34.48275862068966,29.520295202952155,0,0,1
1767727631,XRPUSDC,DECIDE_HOLD,,,,HOLD_RSI,,aggressive,1,0.004462691895741116,0.06251674555685853,34.48275862068966,25.868725868725562,0,0,1
1767727646,XRPUSDC,DECIDE_HOLD,,,,HOLD_MOM,,aggressive,1,0.0044624927484587015,0.0,14.814814814814813,25.291828793774073,0,0,1
1767727662,XRPUSDC,DECIDE_HOLD,,,,HOLD_MOM,,aggressive,1,0.004462293618909725,-0.004462094507151263,14.285714285714285,26.15384615384643,0,0,1
1767727678,XRPUSDC,DECIDE_HOLD,,,,HOLD_MOM,,aggressive,1,0.004464086424722603,-0.0535403560433618,4.0,22.891566265060263,0,0,1
1767727694,XRPUSDC,DECIDE_HOLD,,,,HOLD_MOM,,aggressive,1,0.004465083050554163,-0.017857142857160713,16.666666666666664,20.0,0,0,1
1767727710,XRPUSDC,DECIDE_HOLD,,,,HOLD_MOM,,aggressive,1,0.004466678577818967,-0.04018395320802442,0.0,19.367588932806413,0,0,1
1767727725,XRPUSDC,DECIDE_HOLD,,,,HOLD_MOM,,aggressive,1,0.004464285714275309,0.04466279589103769,24.137931034482758,19.83805668016197,0,0,1
1767727740,XRPUSDC,DECIDE_HOLD,,,,HOLD_MOM,,aggressive,1,0.004464285714275309,0.022326412145575663,21.428571428571427,20.164609053498282,0,0,1
1767727755,XRPUSDC,DECIDE_HOLD,,,,HOLD_MOM,,aggressive,1,0.004464285714275309,0.0,7.4074074074074066,20.0,0,0,1
1767727771,XRPUSDC,DECIDE_HOLD,,,,HOLD_MOM,,aggressive,1,0.004464485021662174,-0.00892817284942538,14.814814814814813,20.164609053498282,0,0,1
1767727786,XRPUSDC,DECIDE_HOLD,,,,HOLD_MOM,,aggressive,1,0.004464883689769476,-0.03570631555455978,7.6923076923076925,20.0,0,0,1
1767727802,XRPUSDC,DECIDE_HOLD,,,,HOLD_MOM,,aggressive,1,0.004465282429103235,-0.013394053040438652,3.7037037037037033,20.081967213114922,0,0,1
1767727817,XRPUSDC,DECIDE_HOLD,,,,HOLD_MOM,,aggressive,1,0.004464485021662174,0.004464684346826103,26.923076923076923,21.39917695473322,0,0,1
1767727833,XRPUSDC,DECIDE_HOLD,,,,HOLD_MOM,,aggressive,1,0.004465083050554163,-0.013393455064966694,11.11111111111111,20.24793388429768,0,0,1
1767727848,XRPUSDC,DECIDE_HOLD,,,,HOLD_MOM,,aggressive,1,0.004464485021662174,0.0,14.814814814814813,20.416666666666814,0,0,1
1767727863,XRPUSDC,DECIDE_HOLD,,,,HOLD_MOM,,aggressive,1,0.004463289444329883,0.026786910129913563,21.428571428571427,14.473684210527267,0,0,1
1767727879,XRPUSDC,DECIDE_HOLD,,,,HOLD_MOM,,aggressive,1,0.004462094507171078,0.0,32.142857142857146,14.601769911505357,0,0,1
1767727894,XRPUSDC,DECIDE_HOLD,,,,HOLD_RSI,,aggressive,1,0.004458712323890272,0.0758556066217498,31.03448275862069,20.416666666666814,0,0,1
1767727909,XRPUSDC,DECIDE_HOLD,,,,HOLD_MOM,,aggressive,1,0.004458314757031255,0.02229654403566211,33.33333333333333,21.0743801652893,0,0,1
1767727924,XRPUSDC,DECIDE_HOLD,,,,HOLD_MOM,,aggressive,1,0.004458513531578177,-0.022287599179804,25.925925925925924,28.24858757062259,0,0,1
1767727939,XRPUSDC,DECIDE_HOLD,,,,HOLD_MOM,,aggressive,1,0.004458911133890709,-0.004458712323870472,27.586206896551722,27.683615819209678,0,0,1
1767727954,XRPUSDC,DECIDE_HOLD,,,,HOLD_MOM,,aggressive,1,0.004458116000167934,0.022295549808265716,35.714285714285715,28.65168539325859,0,0,1
1767727970,XRPUSDC,DECIDE_HOLD,,,,HOLD_MOM,,aggressive,1,0.004456923831161338,0.044589111339006095,23.076923076923077,31.351351351352008,0,0,1
1767727986,XRPUSDC,DECIDE_HOLD,,,,HOLD_BAL,,aggressive,1,0.004451170657892417,0.1292507911039757,36.0,38.04878048780601,0,0,1
1767728001,XRPUSDC,DECIDE_HOLD,,,,HOLD_BAL,,aggressive,1,0.004451368795894367,0.06681514476614953,50.0,39.23444976076651,0,0,1
1767728016,XRPUSDC,DECIDE_HOLD,,,,HOLD_MOM,,aggressive,1,0.004455136772688538,-0.0801282051281963,14.285714285714285,32.82051282051326,0,0,1
1767728032,XRPUSDC,DECIDE_HOLD,,,,HOLD_MOM,,aggressive,1,0.004456526583190473,-0.10239515626391099,24.137931034482758,31.5270935960597,0,0,1
1767728047,XRPUSDC,DECIDE_HOLD,,,,HOLD_MOM,,aggressive,1,0.004458314757031255,-0.02674273489035184,21.428571428571427,31.840796019900353,0,0,1
1767728062,XRPUSDC,DECIDE_HOLD,,,,HOLD_MOM,,aggressive,1,0.004460502252563051,-0.0668627975394516,10.344827586206897,29.90654205607457,0,0,1
1767728077,XRPUSDC,DECIDE_HOLD,,,,HOLD_MOM,,aggressive,1,0.004461497278476262,-0.008922198429692094,25.925925925925924,29.629629629629477,0,0,1
1767728092,XRPUSDC,DECIDE_HOLD,,,,HOLD_MOM,,aggressive,1,0.004459905450013872,-0.0044597065513183355,25.925925925925924,31.3725490196081,0,0,1
1767728108,XRPUSDC,DECIDE_HOLD,,,,HOLD_MOM,,aggressive,1,0.0044624927484587015,-0.06243589171833786,15.384615384615385,35.1648351648349,0,0,1
1767728123,XRPUSDC,DECIDE_HOLD,,,,HOLD_MOM,,aggressive,1,0.004469074007855154,-0.13834962288570002,6.896551724137931,29.629629629629477,0,0,1
1767728138,XRPUSDC,DECIDE_HOLD,,,,HOLD_MOM,,aggressive,1,0.00446727719453951,-0.022331397945499015,21.428571428571427,30.18867924528341,0,0,1
1767728153,XRPUSDC,DECIDE_HOLD,,,,HOLD_MOM,,aggressive,1,0.004469074007855154,-0.017873100983018586,22.22222222222222,28.82882882882879,0,0,1
1767728169,XRPUSDC,DECIDE_HOLD,,,,HOLD_MOM,,aggressive,1,0.004468874290575638,0.013408420488055106,17.857142857142858,34.92063492063511,0,0,1
1767728185,XRPUSDC,DECIDE_HOLD,,,,HOLD_MOM,,aggressive,1,0.004466080121466971,0.06256424006793986,25.925925925925924,39.10891089108945,0,0,1
1767728200,XRPUSDC,DECIDE_HOLD,,,,HOLD_MOM,,aggressive,1,0.00446867459110586,-0.0491312698200054,7.6923076923076925,35.263157894736224,0,0,1
1767728215,XRPUSDC,DECIDE_HOLD,,,,HOLD_MOM,,aggressive,1,0.004472671974246848,-0.08937349182233549,3.8461538461538463,31.3725490196081,0,0,1
1767728231,XRPUSDC,DECIDE_HOLD,,,,HOLD_MOM,,aggressive,1,0.004472471935248045,-0.05364087434624594,31.03448275862069,35.885167464115185,0,0,1
1767728247,XRPUSDC,DECIDE_HOLD,,,,HOLD_BAL,,aggressive,1,0.0044706723891169056,0.04472671974238903,38.095238095238095,39.09090909090962,0,0,1
1767728262,XRPUSDC,DECIDE_HOLD,,,,HOLD_MOM,,aggressive,1,0.004469074007855154,0.022350364310945735,31.818181818181817,40.44444444444419,0,0,1
1767728278,XRPUSDC,DECIDE_HOLD,,,,HOLD_MOM,,aggressive,1,0.004472671974246848,-0.08937349182233549,14.814814814814813,36.19047619047718,0,0,1
1767728294,XRPUSDC,DECIDE_HOLD,,,,HOLD_MOM,,aggressive,1,0.0044730721059317875,-0.04471072163106205,15.384615384615385,31.979695431471498,0,0,1
1767728309,XRPUSDC,DECIDE_HOLD,,,,HOLD_MOM,,aggressive,1,0.004474272930658212,-0.040252247417152956,25.0,31.155778894472306,0,0,1
1767728324,XRPUSDC,DECIDE_HOLD,,,,HOLD_MOM,,aggressive,1,0.0044748735848107995,0.02685645226265314,32.142857142857146,30.09708737864119,0,0,1
1767728340,XRPUSDC,DECIDE_HOLD,,,,HOLD_MOM,,aggressive,1,0.00447327219860286,0.03579898867856589,21.428571428571427,30.54187192118229,0,0,1
1767728356,XRPUSDC,DECIDE_HOLD,,,,HOLD_MOM,,aggressive,1,0.0044770773638864135,-0.06263982102907588,20.833333333333336,30.845771144279283,0,0,1
1767728371,XRPUSDC,DECIDE_HOLD,,,,HOLD_MOM,,aggressive,1,0.004475073838727783,-0.013423419392375005,25.925925925925924,32.4607329842937,0,0,1
1767728387,XRPUSDC,DECIDE_HOLD,,,,HOLD_MOM,,aggressive,1,0.0044734723092158465,0.03580059070974277,20.0,34.55497382198976,0,0,1
1767728402,XRPUSDC,DECIDE_HOLD,,,,HOLD_MOM,,aggressive,1,0.004473672437693685,-0.0044734723091959805,23.076923076923077,37.15846994535508,0,0,1
1767728417,XRPUSDC,DECIDE_HOLD,,,,HOLD_MOM,,aggressive,1,0.004474072748412462,-0.02683723218678418,25.925925925925924,36.1702127659579,0,0,1
1767728433,XRPUSDC,DECIDE_HOLD,,,,HOLD_MOM,,aggressive,1,0.0044754744002958756,0.008951750067137141,14.814814814814813,35.4166666666672,0,0,1
1767728448,XRPUSDC,DECIDE_HOLD,,,,HOLD_MOM,,aggressive,1,0.00447527411052884,0.0044754744002958756,14.814814814814813,34.87179487179506,0,0,1
1767728464,XRPUSDC,DECIDE_HOLD,,,,HOLD_MOM,,aggressive,1,0.004475073838727783,0.00447527411052884,11.11111111111111,35.82887700534732,0,0,1
1767728479,XRPUSDC,DECIDE_HOLD,,,,HOLD_MOM,,aggressive,1,0.004476676515364448,-0.058162945729501085,14.814814814814813,34.18367346938727,0,0,1
1767728494,XRPUSDC,DECIDE_HOLD,,,,HOLD_MOM,,aggressive,1,0.00447527411052884,0.03133673560749149,17.857142857142858,35.449735449735215,0,0,1
1767728509,XRPUSDC,DECIDE_HOLD,,,,HOLD_MOM,,aggressive,1,0.0044770773638864135,-0.049223609433038024,3.8461538461538463,33.66834170854192,0,0,1
1767728524,XRPUSDC,DECIDE_HOLD,,,,HOLD_MOM,,aggressive,1,0.004479684630211487,-0.06267627702913757,10.714285714285714,31.9047619047617,0,0,1
1767728539,XRPUSDC,DECIDE_HOLD,,,,HOLD_MOM,,aggressive,1,0.004484103851834758,-0.13434239398144596,14.285714285714285,29.13043478260822,0,0,1
1767728554,XRPUSDC,DECIDE_HOLD,,,,HOLD_MOM,,aggressive,1,0.004486316733950962,-0.0627690100430347,18.51851851851852,27.01612903225785,0,0,1
1767728570,XRPUSDC,DECIDE_HOLD,,,,HOLD_MOM,,aggressive,1,0.0044857130040914656,0.031409853719810685,25.925925925925924,27.68595041322284,0,0,1
1767728585,XRPUSDC,DECIDE_HOLD,,,,HOLD_MOM,,aggressive,1,0.0044857130040914656,-0.04483701744161476,28.57142857142857,29.48717948717953,0,0,1
1767728601,XRPUSDC,DECIDE_HOLD,,,,HOLD_MOM,,aggressive,1,0.004486115472621732,-0.04932293067886741,11.11111111111111,27.68595041322284,0,0,1
1767728616,XRPUSDC,DECIDE_HOLD,,,,HOLD_MOM,,aggressive,1,0.004484506031650161,0.04935391241924357,33.33333333333333,28.8793103448277,0,0,1
1767728631,XRPUSDC,DECIDE_HOLD,,,,HOLD_MOM,,aggressive,1,0.004483902788996997,0.013453518094970397,20.0,28.8793103448277,0,0,1
1767728647,XRPUSDC,DECIDE_HOLD,,,,HOLD_MOM,,aggressive,1,0.004485109436659802,-0.013453518094990312,15.384615384615385,24.324324324323896,0,0,1
1767728662,XRPUSDC,DECIDE_HOLD,,,,HOLD_MOM,,aggressive,1,0.004483098717843228,0.03587765718898161,17.857142857142858,26.666666666666273,0,0,1
1767728678,XRPUSDC,DECIDE_HOLD,,,,HOLD_MOM,,aggressive,1,0.004483902788996997,-0.017932394871333093,3.8461538461538463,26.666666666666273,0,0,1
1767728693,XRPUSDC,DECIDE_HOLD,,,,HOLD_MOM,,aggressive,1,0.004484506031650161,-0.013451708366951169,11.11111111111111,24.434389140271293,0,0,1
1767728708,XRPUSDC,DECIDE_HOLD,,,,HOLD_MOM,,aggressive,1,0.004481290611685724,0.05380442092991381,20.833333333333336,24.090909090908156,0,0,1
1767728724,XRPUSDC,DECIDE_HOLD,,,,HOLD_MOM,,aggressive,1,0.004483500717369577,-0.02241247926846416,21.428571428571427,20.853080568720515,0,0,1
1767728739,XRPUSDC,DECIDE_HOLD,,,,HOLD_MOM,,aggressive,1,0.00448430493274489,-0.017934002869438484,11.538461538461538,19.711538461537856,0,0,1
1767728754,XRPUSDC,DECIDE_HOLD,,,,HOLD_MOM,,aggressive,1,0.004481290611685724,0.05829073625684149,26.923076923076923,23.394495412843142,0,0,1
1767728769,XRPUSDC,DECIDE_HOLD,,,,HOLD_MOM,,aggressive,1,0.004481893151676723,0.004482094034322395,18.51851851851852,15.228426395937873,0,0,1
1767728784,XRPUSDC,DECIDE_HOLD,,,,HOLD_MOM,,aggressive,1,0.004478882071044521,0.06274369201809912,22.22222222222222,20.095693779904508,0,0,1
1767728800,XRPUSDC,DECIDE_HOLD,,,,HOLD_RSI,,aggressive,1,0.004477277815097875,0.07617169997311744,28.57142857142857,24.090909090908156,0,0,1
1767728815,XRPUSDC,DECIDE_HOLD,,,,HOLD_MOM,,aggressive,1,0.004478882071044521,-0.022389396381881022,29.629629629629626,20.095693779904508,0,0,1
1767728831,XRPUSDC,DECIDE_HOLD,,,,HOLD_MOM,,aggressive,1,0.0044770773638864135,0.0447908268386585,18.51851851851852,26.540284360189162,0,0,1
1767728846,XRPUSDC,DECIDE_HOLD,,,,HOLD_MOM,,aggressive,1,0.004475674707951794,0.017905904471997667,26.923076923076923,28.240740740740918,0,0,1
1767728862,XRPUSDC,DECIDE_HOLD,,,,HOLD_MOM,,aggressive,1,0.004479082683855905,-0.08055853920514688,0.0,22.885572139303406,0,0,1
1767728877,XRPUSDC,DECIDE_HOLD,,,,HOLD_MOM,,aggressive,1,0.004478480899288416,-0.004478280340358756,7.6923076923076925,22.885572139303406,0,0,1
1767728893,XRPUSDC,DECIDE_HOLD,,,,HOLD_MOM,,aggressive,1,0.004477277815097875,0.022391401701734117,18.51851851851852,25.68306010928866,0,0,1
1767728908,XRPUSDC,DECIDE_HOLD,,,,HOLD_MOM,,aggressive,1,0.0044806882337221545,-0.0761137228565048,3.7037037037037033,23.834196891191553,0,0,1
1767728924,XRPUSDC,DECIDE_HOLD,,,,HOLD_MOM,,aggressive,1,0.004478480899288416,0.004478681476162976,22.22222222222222,25.136612021857616,0,0,1
1767728939,XRPUSDC,DECIDE_HOLD,,,,HOLD_MOM,,aggressive,1,0.004477879276364272,0.04928094619417145,14.814814814814813,26.48648648648546,0,0,1
1767728955,XRPUSDC,DECIDE_HOLD,,,,HOLD_MOM,,aggressive,1,0.004475073838727783,0.06269030986923901,25.0,40.25974025973966,0,0,1
1767728970,XRPUSDC,DECIDE_HOLD,,,,HOLD_MOM,,aggressive,1,0.004476275738594943,-0.004476075377118796,23.076923076923077,37.83783783783743,0,0,1
1767728985,XRPUSDC,DECIDE_HOLD,,,,HOLD_MOM,,aggressive,1,0.004478480899288416,-0.049239033124444984,10.714285714285714,34.50704225352054,0,0,1
1767729002,XRPUSDC,DECIDE_HOLD,,,,HOLD_MOM,,aggressive,1,0.004480286738340812,-0.05373455131649059,11.11111111111111,39.51612903225844,0,0,1
1767729017,XRPUSDC,DECIDE_HOLD,,,,HOLD_MOM,,aggressive,1,0.0044824958536808885,-0.05823850909417072,8.0,35.766423357664124,0,0,1
1767729033,XRPUSDC,DECIDE_HOLD,,,,HOLD_MOM,,aggressive,1,0.004484707148632659,-0.0627465041233348,14.814814814814813,34.265734265734224,0,0,1
1767729048,XRPUSDC,DECIDE_HOLD,,,,HOLD_MOM,,aggressive,1,0.004488934775767246,-0.09865913269654251,7.142857142857142,29.341317365268836,0,0,1
1767729063,XRPUSDC,DECIDE_HOLD,,,,HOLD_MOM,,aggressive,1,0.004486719310829457,0.008974243919948756,31.03448275862069,30.939226519336813,0,0,1
1767729078,XRPUSDC,DECIDE_HOLD,,,,HOLD_MOM,,aggressive,1,0.004492362982938501,-0.058366632245322986,28.57142857142857,22.598870056495755,0,0,1
1767729093,XRPUSDC,DECIDE_HOLD,,,,HOLD_MOM,,aggressive,1,0.00449337227590254,-0.06735518634935145,10.714285714285714,22.0994475138108,0,0,1
1767729108,XRPUSDC,DECIDE_HOLD,,,,HOLD_MOM,,aggressive,1,0.004495594317558305,-0.07636674003863415,14.285714285714285,20.72538860103508,0,0,1
1767729124,XRPUSDC,DECIDE_HOLD,,,,HOLD_MOM,,aggressive,1,0.0044929685043002664,0.058442726128377746,34.61538461538461,22.857142857141397,0,0,1
1767729140,XRPUSDC,DECIDE_HOLD,,,,HOLD_RSI,,aggressive,1,0.004491555874964563,0.04493574188909364,37.5,29.68749999999909,0,0,1
1767729155,XRPUSDC,DECIDE_HOLD,,,,HOLD_MOM,,aggressive,1,0.004490950734259978,-0.05834829443447391,11.11111111111111,27.807486631016104,0,0,1
1767729171,XRPUSDC,DECIDE_HOLD,,,,HOLD_MOM,,aggressive,1,0.004491152429722942,-0.022450720668140942,15.384615384615385,28.191489361701315,0,0,1
1767729186,XRPUSDC,DECIDE_HOLD,,,,HOLD_MOM,,aggressive,1,0.004493776120083182,-0.058384981586278584,16.0,19.65317919075018,0,0,0
1767729202,XRPUSDC,DECIDE_HOLD,,,,HOLD_MOM,,aggressive,1,0.0044957964303471215,-0.044937761200732035,14.285714285714285,18.888888888887962,0,0,1
1767729218,XRPUSDC,DECIDE_HOLD,,,,HOLD_MOM,,aggressive,1,0.004493776120083182,0.044957964303371394,22.22222222222222,20.571428571427262,0,0,1
1767729233,XRPUSDC,DECIDE_HOLD,,,,HOLD_MOM,,aggressive,1,0.004495998561269981,-0.049431537320795256,7.6923076923076925,18.994413407820048,0,0,1
1767729249,XRPUSDC,DECIDE_HOLD,,,,HOLD_MOM,,aggressive,1,0.004497009488699511,-0.04045671131889431,3.7037037037037033,18.579234972676474,0,0,1
1767729264,XRPUSDC,DECIDE_HOLD,,,,HOLD_MOM,,aggressive,1,0.004494988088291052,0.04047126540155044,21.428571428571427,20.652173913042475,0,0,1
1767729279,XRPUSDC,DECIDE_HOLD,,,,HOLD_MOM,,aggressive,1,0.004497009488699511,-0.022479992806409808,11.11111111111111,18.478260869563883,0,0,1
1767729295,XRPUSDC,DECIDE_HOLD,,,,HOLD_MOM,,aggressive,1,0.00449660506318679,-0.026972353337825754,15.384615384615385,18.888888888887962,0,0,1
1767729310,XRPUSDC,DECIDE_HOLD,,,,HOLD_MOM,,aggressive,1,0.004495190146532722,0.031476235442247626,19.230769230769234,24.404761904761287,0,0,1
1767729325,XRPUSDC,DECIDE_HOLD,,,,HOLD_MOM,,aggressive,1,0.004495392222980941,-0.004495190146552685,18.51851851851852,23.4939759036139,0,0,1
1767729341,XRPUSDC,DECIDE_HOLD,,,,HOLD_MOM,,aggressive,1,0.004494786048173631,0.0,7.6923076923076925,25.730994152045113,0,0,1
1767729356,XRPUSDC,DECIDE_HOLD,,,,HOLD_MOM,,aggressive,1,0.004492564805236845,0.04494584026249872,17.857142857142858,30.97826086956418,0,0,1
1767729371,XRPUSDC,DECIDE_HOLD,,,,HOLD_MOM,,aggressive,1,0.004489942528745107,0.06739452756436433,25.925925925925924,41.10429447852617,0,0,1
1767729387,XRPUSDC,DECIDE_HOLD,,,,HOLD_MOM,,aggressive,1,0.004489942528745107,0.017962996227768813,14.285714285714285,41.10429447852617,0,0,1
1767729402,XRPUSDC,DECIDE_HOLD,,,,HOLD_MOM,,aggressive,1,0.004489942528745107,-0.013468013468021954,11.538461538461538,41.46341463414568,0,0,1
1767729417,XRPUSDC,DECIDE_HOLD,,,,HOLD_MOM,,aggressive,1,0.004488330341102645,0.026937236239578794,28.57142857142857,43.85964912280692,0,0,1
1767729432,XRPUSDC,DECIDE_HOLD,,,,HOLD_MOM,,aggressive,1,0.004488128899071452,0.008977063602494634,18.51851851851852,44.18604651162707,0,0,1
1767729448,XRPUSDC,DECIDE_HOLD,,,,HOLD_MOM,,aggressive,1,0.004489136290187244,-0.035900197451101956,10.714285714285714,43.42857142857011,0,0,1
1767729463,XRPUSDC,DECIDE_HOLD,,,,HOLD_MOM,,aggressive,1,0.004488531801257284,0.004488733279478007,11.538461538461538,43.42857142857011,0,0,1
1767729479,XRPUSDC,DECIDE_HOLD,,,,HOLD_MOM,,aggressive,1,0.004489337822660693,-0.01795412720498927,7.6923076923076925,42.937853107343365,0,0,1
1767729494,XRPUSDC,DECIDE_HOLD,,,,HOLD_MOM,,aggressive,1,0.0044905473977173175,-0.03142395403123096,14.814814814814813,41.988950276241944,0,0,1
1767729509,XRPUSDC,DECIDE_HOLD,,,,HOLD_MOM,,aggressive,1,0.004491757624748099,-0.05387205387204794,15.384615384615385,40.425531914893114,0,0,1
1767729525,XRPUSDC,DECIDE_HOLD,,,,HOLD_MOM,,aggressive,1,0.004491757624748099,-0.004491555874944616,3.8461538461538463,40.425531914893114,0,0,1
1767729540,XRPUSDC,DECIDE_HOLD,,,,HOLD_MOM,,aggressive,1,0.004490144133616225,0.035934060998064586,14.814814814814813,41.988950276241944,0,0,1
1767729556,XRPUSDC,DECIDE_HOLD,,,,HOLD_MOM,,aggressive,1,0.004489740941937186,0.03143806700800076,15.384615384615385,38.59649122807086,0,0,1
1767729571,XRPUSDC,DECIDE_HOLD,,,,HOLD_MOM,,aggressive,1,0.004490144133616225,-0.008979481883894311,14.814814814814813,38.23529411764699,0,0,1
1767729586,XRPUSDC,DECIDE_HOLD,,,,HOLD_MOM,,aggressive,1,0.004490144133616225,0.02245576214857482,11.538461538461538,37.86982248520788,0,0,1
1767729603,XRPUSDC,DECIDE_HOLD,,,,HOLD_MOM,,aggressive,1,0.004489740941937186,0.00898028826725239,25.0,35.97560975609774,0,0,1
1767729618,XRPUSDC,DECIDE_HOLD,,,,HOLD_BAL,,aggressive,1,0.008977063602494634,0.03592115306900956,47.82608695652174,35.97560975609774,0,0,1
1767729634,XRPUSDC,DECIDE_HOLD,,,,HOLD_BAL,,aggressive,1,0.004487524681375288,0.03591309032143814,40.0,37.12574850299322,0,0,1
1767729649,XRPUSDC,DECIDE_HOLD,,,,HOLD_BAL,,aggressive,1,0.00448108980104907,0.14809496028361796,55.55555555555556,50.236966824644,0,0,1
1767729665,XRPUSDC,DECIDE_HOLD,,,,HOLD_BAL,,aggressive,1,0.004473872584118246,0.17478599919328608,66.66666666666666,56.250000000000234,0,0,1
1767729680,XRPUSDC,DECIDE_HOLD,,,,HOLD_BAL,,aggressive,1,0.008940945057891635,0.12981199641897506,61.111111111111114,60.07604562737659,1,0,1
1767729696,XRPUSDC,DECIDE_HOLD,,,,HOLD_BAL,,aggressive,1,0.004469673266893624,0.07156595249809115,50.0,56.43153526970936,0,0,1
1767729712,XRPUSDC,DECIDE_HOLD,,,,HOLD_MOM,,aggressive,1,0.0044706723891169056,-0.058084982797912466,20.833333333333336,59.30232558139525,1,0,1
1767729728,XRPUSDC,DECIDE_HOLD,,,,HOLD_BAL,,aggressive,1,0.008928571428570444,0.17441080452574736,60.86956521739131,61.111111111111484,1,0,1
1767729743,XRPUSDC,DECIDE_HOLD,,,,HOLD_MOM,,aggressive,1,0.004466678577818967,0.0,45.0,60.07604562737659,1,0,1
1767729759,XRPUSDC,DECIDE_HOLD,,,,HOLD_MOM,,aggressive,1,0.004466678577818967,-0.008932559178203571,25.925925925925924,62.897526501767224,1,0,1
1767729775,XRPUSDC,DECIDE_HOLD,,,,HOLD_BAL,,aggressive,1,0.004459706551298529,0.13397043719019844,31.818181818181817,63.54166666666675,1,0,1
1767729790,XRPUSDC,DECIDE_HOLD,,,,HOLD_MOM,,aggressive,1,0.004463687898951526,-0.04907647006335776,35.0,65.71428571428531,1,0,1
1767729806,XRPUSDC,DECIDE_HOLD,,,,HOLD_MOM,,aggressive,1,0.004462691895741116,-0.013386283521473604,32.0,65.48042704626245,1,0,1
1767729821,XRPUSDC,DECIDE_HOLD,,,,HOLD_MOM,,aggressive,1,0.004464285714275309,-0.062460961898806365,25.925925925925924,63.01369863013596,1,0,1
1767729837,XRPUSDC,DECIDE_HOLD,,,,HOLD_MOM,,aggressive,1,0.004464485021662174,-0.05800464037123322,22.22222222222222,63.448275862068854,1,0,1
1767729852,XRPUSDC,DECIDE_HOLD,,,,HOLD_MOM,,aggressive,1,0.004462891060838623,0.013390465988205003,23.076923076923077,77.32793522267251,1,0,1
1767729867,XRPUSDC,DECIDE_HOLD,,,,HOLD_BAL,,aggressive,1,0.0044579172610650425,0.13838667916610334,47.82608695652174,79.48717948718003,1,0,1
1767729882,XRPUSDC,DECIDE_HOLD,,,,HOLD_BAL,,aggressive,1,0.004457718539641017,0.07137440335460891,36.84210526315789,79.63636363636417,1,0,1
1767729898,XRPUSDC,DECIDE_HOLD,,,,HOLD_RSI,,aggressive,1,0.004454938299113959,0.057947757867526026,37.5,80.419580419581,1,0,1
1767729913,XRPUSDC,DECIDE_HOLD,,,,HOLD_RSI,,aggressive,1,0.022273699215953444,0.0445672519832576,41.66666666666667,85.86956521739187,1,0,1
1767729928,XRPUSDC,DECIDE_HOLD,,,,HOLD_MOM,,aggressive,1,0.0044541445815425166,0.053478318998166935,29.629629629629626,86.26760563380354,1,0,1
1767729944,XRPUSDC,DECIDE_HOLD,,,,HOLD_RSI,,aggressive,1,0.004446025253413078,0.16923488019952015,44.44444444444444,87.65822784810177,1,0,1
1767729959,XRPUSDC,DECIDE_HOLD,,,,HOLD_RSI,,aggressive,1,0.004446618346756683,0.04003558718859781,38.46153846153847,87.50000000000054,1,0,1
1767729975,XRPUSDC,DECIDE_HOLD,,,,HOLD_MOM,,aggressive,1,0.008890864636584929,0.013338075760258977,29.629629629629626,88.88888888888935,1,0,1
1767729990,XRPUSDC,DECIDE_HOLD,,,,HOLD_MOM,,aggressive,1,0.004446816079676581,0.004447013830222397,22.22222222222222,86.94267515923626,1,0,1
1767730005,XRPUSDC,DECIDE_HOLD,,,,HOLD_MOM,,aggressive,1,0.004446420631381367,-0.022227161591452452,33.33333333333333,88.67313915857655,1,0,1
1767730021,XRPUSDC,DECIDE_HOLD,,,,HOLD_MOM,,aggressive,1,0.004449190247384368,-0.044472115983293335,22.22222222222222,84.78260869565295,1,0,1
1767730036,XRPUSDC,DECIDE_HOLD,,,,HOLD_MOM,,aggressive,1,0.004448794376733296,0.026699893200424263,33.33333333333333,87.93650793650781,1,0,1
1767730051,XRPUSDC,DECIDE_HOLD,,,,HOLD_MOM,,aggressive,1,0.004448596467823793,-0.017791220032911798,10.714285714285714,87.93650793650781,1,0,1
1767730067,XRPUSDC,DECIDE_HOLD,,,,HOLD_RSI,,aggressive,1,0.008890469416784227,0.07562613995284642,32.142857142857146,88.5885885885884,1,0,1
1767730082,XRPUSDC,DECIDE_HOLD,,,,HOLD_MOM,,aggressive,1,0.004444049417838904,0.0489084522698013,28.000000000000004,89.05325443787032,1,0,1
1767730098,XRPUSDC,DECIDE_HOLD,,,,HOLD_RSI,,aggressive,1,0.004437541601961884,0.14220326178730158,37.03703703703704,90.02695417789799,1,0,1
1767730113,XRPUSDC,DECIDE_HOLD,,,,HOLD_MOM,,aggressive,1,0.004441286196491874,-0.07544490303111148,29.629629629629626,89.66480446927415,1,0,1
1767730128,XRPUSDC,DECIDE_HOLD,,,,HOLD_MOM,,aggressive,1,0.004442470013336785,-0.15524506542471858,18.51851851851852,89.30635838150334,1,0,1
1767730144,XRPUSDC,DECIDE_HOLD,,,,HOLD_RSI,,aggressive,1,0.004439905874004841,0.09777343229188735,33.33333333333333,88.78787878787932,1,0,1
1767730159,XRPUSDC,DECIDE_HOLD,,,,HOLD_MOM,,aggressive,1,0.004441286196491874,-0.013322083573879347,22.22222222222222,88.6153846153851,1,0,1
1767730175,XRPUSDC,DECIDE_HOLD,,,,HOLD_MOM,,aggressive,1,0.004443654461438457,-0.11096808557858524,11.11111111111111,84.95575221239021,1,0,1
1767730191,XRPUSDC,DECIDE_HOLD,,,,HOLD_MOM,,aggressive,1,0.004443259575233761,-0.02665245202558342,19.230769230769234,85.97014925373207,1,0,1
1767730206,XRPUSDC,DECIDE_HOLD,,,,HOLD_MOM,,aggressive,1,0.004442864759206106,-0.004442667377502822,20.833333333333336,84.03614457831408,1,0,1
1767730222,XRPUSDC,DECIDE_HOLD,,,,HOLD_MOM,,aggressive,1,0.0044438519308433065,-0.013329778725661821,14.285714285714285,83.89057750759952,1,0,1
1767730237,XRPUSDC,DECIDE_HOLD,,,,HOLD_MOM,,aggressive,1,0.004445827590815412,-0.048880199075724357,11.11111111111111,81.36094674556212,1,0,1
1767730252,XRPUSDC,DECIDE_HOLD,,,,HOLD_MOM,,aggressive,1,0.004449190247384368,-0.053361792956257204,23.076923076923077,78.12500000000031,1,0,1
1767730267,XRPUSDC,DECIDE_HOLD,,,,HOLD_MOM,,aggressive,1,0.008898776418241511,0.004449586188493861,33.33333333333333,79.48717948718017,1,0,1
1767730283,XRPUSDC,DECIDE_HOLD,,,,HOLD_MOM,,aggressive,1,0.004447805008237825,0.0,19.230769230769234,79.31034482758704,1,0,1
1767730298,XRPUSDC,DECIDE_HOLD,,,,HOLD_MOM,,aggressive,1,0.004444641984097562,0.07561604839425276,26.923076923076923,80.21978021978093,1,0,1
1767730313,XRPUSDC,DECIDE_HOLD,,,,HOLD_MOM,,aggressive,1,0.004443062158429241,0.053345187819529315,14.814814814814813,80.80000000000075,1,0,1
1767730329,XRPUSDC,DECIDE_HOLD,,,,HOLD_RSI,,aggressive,1,0.004440694524613302,0.07554884010310349,33.33333333333333,81.25000000000021,1,0,1
1767730344,XRPUSDC,DECIDE_HOLD,,,,HOLD_MOM,,aggressive,1,0.004438920454535109,0.039966250721618315,34.61538461538461,83.16326530612304,1,0,1
1767730359,XRPUSDC,DECIDE_HOLD,,,,HOLD_MOM,,aggressive,1,0.004439314569820072,-0.031065548306914346,7.4074074074074066,83.16326530612304,1,0,1
1767730375,XRPUSDC,DECIDE_HOLD,,,,HOLD_MOM,,aggressive,1,0.004442470013336785,-0.0799005681818291,0.0,79.65686274509841,1,0,1
1767730390,XRPUSDC,DECIDE_HOLD,,,,HOLD_MOM,,aggressive,1,0.004441878026019053,-0.004441680731978633,33.33333333333333,79.42583732057484,1,0,1
1767730406,XRPUSDC,DECIDE_HOLD,,,,HOLD_MOM,,aggressive,1,0.004442864759206106,-0.0355302895718561,37.03703703703704,78.83211678832149,1,0,1
1767730421,XRPUSDC,DECIDE_HOLD,,,,HOLD_MOM,,aggressive,1,0.004440891731068969,0.048873683742820306,20.833333333333336,79.47494033412946,1,0,1
1767730437,XRPUSDC,DECIDE_HOLD,,,,HOLD_MOM,,aggressive,1,0.004442470013336785,0.0,14.814814814814813,79.07542579075488,1,0,1
1767730452,XRPUSDC,DECIDE_HOLD,,,,HOLD_MOM,,aggressive,1,0.004443259575233761,-0.017769880053307683,7.4074074074074066,73.82352941176576,1,0,1
1767730467,XRPUSDC,DECIDE_HOLD,,,,HOLD_MOM,,aggressive,1,0.00444049733571097,0.05775980805969853,14.814814814814813,75.2873563218397,1,0,1
1767730483,XRPUSDC,DECIDE_HOLD,,,,HOLD_MOM,,aggressive,1,0.004441680731998358,0.004441878026019053,7.6923076923076925,74.8538011695913,1,0,1
1767730499,XRPUSDC,DECIDE_HOLD,,,,HOLD_MOM,,aggressive,1,0.004441680731998358,0.0,0.0,74.8538011695913,1,0,1
1767730514,XRPUSDC,DECIDE_HOLD,,,,HOLD_MOM,,aggressive,1,0.004441286196491874,0.008883361463976992,23.076923076923077,72.43589743589797,1,0,1
1767730529,XRPUSDC,DECIDE_HOLD,,,,HOLD_MOM,,aggressive,1,0.004444049417838904,-0.044420753375972365,25.925925925925924,69.87577639751595,1,0,1
1767730545,XRPUSDC,DECIDE_HOLD,,,,HOLD_MOM,,aggressive,1,0.004442272666685928,-0.008883756052057832,18.51851851851852,71.20253164556993,1,0,1
1767730560,XRPUSDC,DECIDE_HOLD,,,,HOLD_MOM,,aggressive,1,0.004441483455463777,0.031100053314383553,25.925925925925924,68.72727272727339,1,0,0
1767730576,XRPUSDC,DECIDE_HOLD,,,,HOLD_MOM,,aggressive,1,0.0044426673774830925,-0.039968025579522115,26.923076923076923,67.02127659574492,1,0,1
1767730591,XRPUSDC,DECIDE_HOLD,,,,HOLD_MOM,,aggressive,1,0.004439314569820072,0.08441818101035291,27.27272727272727,70.03484320557546,1,1,1
1767730607,XRPUSDC,DECIDE_HOLD,,,,HOLD_MOM,,aggressive,1,0.00443852640922179,0.017757258279319718,16.0,70.34482758620763,1,1,1
1767730622,XRPUSDC,DECIDE_HOLD,,,,HOLD_MOM,,aggressive,1,0.004437541601961884,0.0,21.428571428571427,73.75886524822744,1,1,0
1767730637,XRPUSDC,DECIDE_HOLD,,,,HOLD_MOM,,aggressive,1,0.004442470013336785,-0.09320491766898899,22.22222222222222,68.87417218543027,1,0,1
1767730652,XRPUSDC,DECIDE_HOLD,,,,HOLD_MOM,,aggressive,1,0.004442272666685928,-0.04440300164290617,7.142857142857142,68.42105263157879,1,0,1
1767730667,XRPUSDC,DECIDE_HOLD,,,,HOLD_MOM,,aggressive,1,0.004441286196491874,0.022211363333469097,16.0,69.33333333333309,1,0,1
1767730683,XRPUSDC,DECIDE_HOLD,,,,HOLD_MOM,,aggressive,1,0.0044420753376071,-0.01332445036643078,22.22222222222222,64.28571428571391,1,0,0
1767730698,XRPUSDC,DECIDE_HOLD,,,,HOLD_MOM,,aggressive,1,0.004441483455463777,-0.013322675193167462,12.0,64.28571428571391,1,0,1
1767730713,XRPUSDC,DECIDE_HOLD,,,,HOLD_MOM,,aggressive,1,0.004441286196491874,0.022211363333469097,26.923076923076923,63.281249999999716,1,0,1
1767730729,XRPUSDC,DECIDE_HOLD,,,,HOLD_MOM,,aggressive,1,0.004443259575233761,0.0,14.814814814814813,61.36363636363625,1,0,1
1767730744,XRPUSDC,DECIDE_HOLD,,,,HOLD_MOM,,aggressive,1,0.004441878026019053,0.031102817026577134,19.230769230769234,57.709251101322224,1,1,1
1767730759,XRPUSDC,DECIDE_HOLD,,,,HOLD_BAL,,aggressive,1,0.004437147801402628,0.13774104683195063,57.14285714285714,59.83263598326399,1,1,1
1767730774,XRPUSDC,DECIDE_HOLD,,,,HOLD_MOM,,aggressive,1,0.004438132433861483,-0.022185739006954027,13.636363636363635,58.441558441558996,1,1,1
1767730790,XRPUSDC,DECIDE_HOLD,,,,HOLD_MOM,,aggressive,1,0.004437147801402628,0.026629976476851183,25.925925925925924,60.0,1,1,1
1767730805,XRPUSDC,DECIDE_HOLD,,,,HOLD_MOM,,aggressive,1,0.004436754070731223,0.008874295602785553,36.0,63.095238095238706,1,1,1
1767730820,XRPUSDC,DECIDE_HOLD,,,,HOLD_MOM,,aggressive,1,0.008867999822639028,0.02217491573532761,33.33333333333333,66.25514403292155,1,1,1
1767730836,XRPUSDC,DECIDE_HOLD,,,,HOLD_BAL,,aggressive,1,0.00443360673907191,0.048793470546491344,50.0,66.93548387096772,1,1,1
1767730852,XRPUSDC,DECIDE_HOLD,,,,HOLD_MOM,,aggressive,1,0.004432624113484532,0.031037999379226744,29.166666666666668,67.19999999999995,1,1,1
1767730867,XRPUSDC,DECIDE_HOLD,,,,HOLD_MOM,,aggressive,1,0.004433017111455406,0.0,17.857142857142858,62.72727272727245,1,1,1
1767730882,XRPUSDC,DECIDE_HOLD,,,,HOLD_MOM,,aggressive,1,0.0044320347471617704,0.022165085557237656,14.814814814814813,63.22869955156955,1,1,1
1767730897,XRPUSDC,DECIDE_HOLD,,,,HOLD_MOM,,aggressive,1,0.004433410179119127,0.008867606632968785,37.03703703703704,63.063063063062756,1,1,1
1767730913,XRPUSDC,DECIDE_HOLD,,,,HOLD_BAL,,aggressive,1,0.0044300713241576676,0.062059488452495495,54.166666666666664,64.80686695278956,1,1,1
1767730928,XRPUSDC,DECIDE_HOLD,,,,HOLD_MOM,,aggressive,1,0.004431249169150132,-0.03100912554266612,27.27272727272727,61.50234741784062,1,1,1
1767730943,XRPUSDC,DECIDE_HOLD,,,,HOLD_MOM,,aggressive,1,0.00443066016835476,0.035457849481425045,33.33333333333333,62.037037037036825,1,1,1
1767730959,XRPUSDC,DECIDE_HOLD,,,,HOLD_MOM,,aggressive,1,0.004432427640628121,-0.022157227687679117,21.428571428571427,59.00900900900893,1,1,1
1767730974,XRPUSDC,DECIDE_HOLD,,,,HOLD_BAL,,aggressive,1,0.004425953793051741,0.14627011214041302,38.46153846153847,65.97510373443959,1,1,1
1767730990,XRPUSDC,DECIDE_HOLD,,,,HOLD_MOM,,aggressive,1,0.004427325452683708,0.022141528651145468,40.0,67.78242677824193,1,1,1
1767731005,XRPUSDC,DECIDE_HOLD,,,,HOLD_MOM,,aggressive,1,0.004425170369068547,0.04870057997961911,33.33333333333333,71.55172413793048,1,1,1
1767731021,XRPUSDC,DECIDE_HOLD,,,,HOLD_MOM,,aggressive,1,0.004424191479016548,-0.01327081305848841,33.33333333333333,71.67381974248896,1,1,1
1767731037,XRPUSDC,DECIDE_HOLD,,,,HOLD_MOM,,aggressive,1,0.004422234997577103,0.030965230469773546,18.181818181818183,72.83950617283908,1,1,1
1767731052,XRPUSDC,DECIDE_HOLD,,,,HOLD_MOM,,aggressive,1,0.00442164839050968,0.008844078889182717,11.538461538461538,81.08108108108098,1,1,1
1767731067,XRPUSDC,DECIDE_HOLD,,,,HOLD_MOM,,aggressive,1,0.004420671057856281,0.02210824195260731,14.814814814814813,81.33333333333339,1,1,1
1767731083,XRPUSDC,DECIDE_HOLD,,,,HOLD_RSI,,aggressive,1,0.0044152059693677885,0.16362993101007492,46.42857142857143,83.529411764706,1,1,1
1767731099,XRPUSDC,DECIDE_HOLD,,,,HOLD_MOM,,aggressive,1,0.004416375921927794,-0.030905077262699553,21.428571428571427,83.1325301204821,1,1,1
1767731114,XRPUSDC,DECIDE_HOLD,,,,HOLD_MOM,,aggressive,1,0.0044185224461033516,-0.035335689045932504,34.61538461538461,75.48076923076917,1,1,1
1767731130,XRPUSDC,DECIDE_HOLD,,,,HOLD_MOM,,aggressive,1,0.0044193035177749265,-0.05300353356889877,28.000000000000004,73.70892018779281,1,1,1
1767731145,XRPUSDC,DECIDE_HOLD,,,,HOLD_MOM,,aggressive,1,0.00442125740559585,-0.06185931424530956,11.11111111111111,72.01834862385357,1,1,1
1767731160,XRPUSDC,DECIDE_HOLD,,,,HOLD_MOM,,aggressive,1,0.00442203944458154,-0.026525198938989122,11.538461538461538,75.48076923076755,1,1,0
1767731176,XRPUSDC,DECIDE_HOLD,,,,HOLD_MOM,,aggressive,1,0.004421452889428795,0.013266118333764258,25.0,75.94339622641338,1,1,1
1767731191,XRPUSDC,DECIDE_HOLD,,,,HOLD_MOM,,aggressive,1,0.004420671057856281,0.01326377221682682,14.814814814814813,75.94339622641338,1,1,1
1767731207,XRPUSDC,DECIDE_HOLD,,,,HOLD_MOM,,aggressive,1,0.00883704489218708,0.057473805208014456,25.0,77.23214285714151,1,1,1
1767731222,XRPUSDC,DECIDE_HOLD,,,,HOLD_MOM,,aggressive,1,0.004418327221303713,0.048625232074975724,28.57142857142857,77.3333333333322,1,1,1
1767731237,XRPUSDC,DECIDE_HOLD,,,,HOLD_MOM,,aggressive,1,0.004420084865638748,0.0044202802457572795,23.076923076923077,75.9999999999996,1,1,1
