ts_utc,symbol,event,side,qty,price,reason,pnl,profile,dry_run,spread_pct,mom_pct,up_ratio,rsi,ema1_ok,ema5_ok,vol_ok
1767714223,SUIUSDC,DECIDE_HOLD,,,,HOLD_MOM,,aggressive,1,0.005111429155591341,0.0,0.0,18.414322250639117,0,0,1
1767714239,SUIUSDC,DECIDE_HOLD,,,,HOLD_RSI,,aggressive,1,0.005099959200325836,0.22490288284605303,48.0,26.15740740740715,0,0,1
1767714254,SUIUSDC,DECIDE_HOLD,,,,HOLD_MOM,,aggressive,1,0.005108556832694201,-0.09186954524575225,22.58064516129032,25.107296137339162,0,0,1
1767714269,SUIUSDC,DECIDE_HOLD,,,,HOLD_MOM,,aggressive,1,0.005105687736148832,0.03575259206292063,34.48275862068966,25.60175054704601,0,0,1
1767714284,SUIUSDC,DECIDE_HOLD,,,,HOLD_MOM,,aggressive,1,0.0051093398732878085,-0.03064664419245755,41.37931034482759,25.107296137339162,0,0,1
1767714299,SUIUSDC,DECIDE_HOLD,,,,HOLD_MOM,,aggressive,1,0.00510960094016601,0.015331152902696595,41.935483870967744,25.05353319057828,0,0,1
1767714315,SUIUSDC,DECIDE_HOLD,,,,HOLD_MOM,,aggressive,1,0.0051182311393176885,-0.1992133626194011,22.58064516129032,25.71428571428575,0,0,1
1767714330,SUIUSDC,DECIDE_HOLD,,,,HOLD_MOM,,aggressive,1,0.010230702337714358,-0.040906069438048365,48.38709677419355,26.834862385321145,0,0,1
1767714345,SUIUSDC,DECIDE_HOLD,,,,HOLD_MOM,,aggressive,1,0.005116398055768175,-0.09201042784849071,37.5,26.05790645879732,0,0,1
1767714360,SUIUSDC,DECIDE_HOLD,,,,HOLD_MOM,,aggressive,1,0.005132152938168388,-0.3426759410802041,40.625,21.52917505030173,0,0,0
1767714375,SUIUSDC,DECIDE_HOLD,,,,HOLD_RSI,,aggressive,1,0.005122950819671567,0.12310217480508605,40.625,26.829268292682627,0,0,1
1767714391,SUIUSDC,DECIDE_HOLD,,,,HOLD_BAL,,aggressive,1,0.005115612850418916,0.14857318510170217,50.0,30.232558139534817,0,0,1
1767714406,SUIUSDC,DECIDE_HOLD,,,,HOLD_BAL,,aggressive,1,0.020421708275895026,0.3021302744776739,66.66666666666666,35.10815307820293,0,0,1
1767714423,SUIUSDC,DECIDE_HOLD,,,,HOLD_BAL,,aggressive,1,0.0051017805214014075,0.10725229826353375,54.54545454545454,35.96059113300477,0,0,1
1767714438,SUIUSDC,DECIDE_HOLD,,,,HOLD_MOM,,aggressive,1,0.005105687736148832,-0.04593008420516065,44.0,34.803921568627416,0,0,1
1767714453,SUIUSDC,DECIDE_HOLD,,,,HOLD_BAL,,aggressive,1,0.005100999795959446,0.11234807476253598,42.30769230769231,36.06557377049163,0,0,1
1767714468,SUIUSDC,DECIDE_HOLD,,,,HOLD_MOM,,aggressive,1,0.005112735824939363,-0.24481052685266166,22.22222222222222,33.333333333333215,0,0,1
1767714483,SUIUSDC,DECIDE_HOLD,,,,HOLD_MOM,,aggressive,1,0.00510960094016601,0.005109862033724526,34.375,33.54430379746846,0,0,1
2026-01-06 15:48:08,SUIUSDC,BUY_FILLED,BUY,102.1,1.9572,MOM,,aggressive,1,,,,,,,
2026-01-06 15:48:09,SUIUSDC,SELL_FILLED,SELL,102.1,1.957,TRAIL,-0.02041999999999775,aggressive,1,,,,,,,
1767714519,SUIUSDC,DECIDE_HOLD,,,,HOLD_MOM,,aggressive,1,0.005098919029165255,0.03570517725070875,17.587939698492463,37.86982248520714,0,0,1
1767714534,SUIUSDC,DECIDE_HOLD,,,,HOLD_MOM,,aggressive,1,0.005103342689461035,-0.025510204081629843,25.0,36.555891238670675,0,0,1
2026-01-06 15:48:58,SUIUSDC,BUY_FILLED,BUY,102.0,1.9604000000000001,MOM,,aggressive,1,,,,,,,
2026-01-06 15:48:58,SUIUSDC,SELL_FILLED,SELL,102.0,1.9602999999999997,TRAIL,-0.010200000000044174,aggressive,1,,,,,,,
1767714568,SUIUSDC,DECIDE_HOLD,,,,HOLD_MOM,,aggressive,1,0.00510464522715615,-0.11217621864164694,13.5678391959799,36.850152905198854,0,0,1
1767714584,SUIUSDC,DECIDE_HOLD,,,,HOLD_MOM,,aggressive,1,0.005100999795959446,0.09701302016849696,27.536231884057973,37.92048929663604,0,0,1
2026-01-06 15:49:46,SUIUSDC,BUY_FILLED,BUY,102.0,1.9605000000000001,MOM,,aggressive,1,,,,,,,
2026-01-06 15:49:46,SUIUSDC,SELL_FILLED,SELL,102.0,1.9604000000000001,TRAIL,-0.010199999999998877,aggressive,1,,,,,,,
1767714616,SUIUSDC,DECIDE_HOLD,,,,HOLD_MOM,,aggressive,1,0.005109078833085832,-0.14284985459925073,11.557788944723619,40.06514657980455,0,0,1
1767714632,SUIUSDC,DECIDE_HOLD,,,,HOLD_MOM,,aggressive,1,0.005111429155591341,-0.06129955046996781,11.428571428571429,39.48635634028884,0,0,1
1767714647,SUIUSDC,DECIDE_HOLD,,,,HOLD_MOM,,aggressive,1,0.005114566284778487,-0.10729065549481383,19.35483870967742,38.679245283018865,0,0,1
2026-01-06 15:51:02,SUIUSDC,BUY_FILLED,BUY,102.2,1.9563999999999997,MOM,,aggressive,1,,,,,,,
2026-01-06 15:51:03,SUIUSDC,SELL_FILLED,SELL,102.2,1.9563000000000001,TRAIL,-0.010219999999953489,aggressive,1,,,,,,,
1767714693,SUIUSDC,DECIDE_HOLD,,,,HOLD_MOM,,aggressive,1,0.005115874558755255,-0.09710722682202755,7.537688442211055,40.728476821192125,0,0,1
1767714708,SUIUSDC,DECIDE_HOLD,,,,HOLD_MOM,,aggressive,1,0.0051137816415233435,0.06652338552860909,22.857142857142858,40.931780366056614,0,0,1
2026-01-06 15:52:00,SUIUSDC,BUY_FILLED,BUY,102.2,1.9556,MOM,,aggressive,1,,,,,,,
2026-01-06 15:52:00,SUIUSDC,SELL_FILLED,SELL,102.2,1.9552000000000003,TRAIL,-0.040879999999972806,aggressive,1,,,,,,,
1767714750,SUIUSDC,DECIDE_HOLD,,,,HOLD_MOM,,aggressive,1,0.005135051864023261,-0.32756679291636615,9.547738693467336,34.19847328244276,0,0,1
1767714766,SUIUSDC,DECIDE_HOLD,,,,HOLD_MOM,,aggressive,1,0.005137954066690078,-0.10265359544218045,21.428571428571427,33.83685800604235,0,0,1
1767714781,SUIUSDC,DECIDE_HOLD,,,,HOLD_MOM,,aggressive,1,0.0051361068310215195,-0.020540207456093043,41.37931034482759,36.585365853658544,0,0,1
2026-01-06 15:53:06,SUIUSDC,BUY_FILLED,BUY,102.6,1.9484,MOM,,aggressive,1,,,,,,,
2026-01-06 15:53:06,SUIUSDC,SELL_FILLED,SELL,102.6,1.9484,TP,0.0,aggressive,1,,,,,,,
1767714816,SUIUSDC,DECIDE_HOLD,,,,HOLD_MOM,,aggressive,1,0.005126102111953505,0.07181696932389801,14.572864321608039,40.54878048780488,0,0,1
1767714832,SUIUSDC,DECIDE_HOLD,,,,HOLD_MOM,,aggressive,1,0.005127416294928421,0.010255884313623813,23.18840579710145,40.184049079754445,0,0,1
1767714847,SUIUSDC,DECIDE_HOLD,,,,HOLD_MOM,,aggressive,1,0.005128731151912452,-0.0666290810312172,35.714285714285715,38.18466353677627,0,0,1
2026-01-06 15:54:11,SUIUSDC,BUY_FILLED,BUY,102.5,1.9511,MOM,,aggressive,1,,,,,,,
2026-01-06 15:54:12,SUIUSDC,SELL_FILLED,SELL,102.5,1.9511999999999998,TP,0.010249999999976112,aggressive,1,,,,,,,
1767714862,SUIUSDC,DECIDE_HOLD,,,,HOLD_MOM,,aggressive,1,0.005124788602469584,0.015376729882110043,11.304347826086957,38.679245283018865,0,0,1
1767714878,SUIUSDC,DECIDE_HOLD,,,,HOLD_MOM,,aggressive,1,0.005127153404429296,-0.035877197478352975,23.4375,38.12499999999993,0,0,1
2026-01-06 15:54:51,SUIUSDC,BUY_FILLED,BUY,102.5,1.9509,MOM,,aggressive,1,,,,,,,
2026-01-06 15:54:51,SUIUSDC,SELL_FILLED,SELL,102.5,1.9509,TP,0.0,aggressive,1,,,,,,,
1767714921,SUIUSDC,DECIDE_HOLD,,,,HOLD_MOM,,aggressive,1,0.005125839356194012,-0.005125576627370014,17.587939698492463,39.13738019169339,0,0,1
1767714937,SUIUSDC,DECIDE_HOLD,,,,HOLD_MOM,,aggressive,1,0.005125576627370014,-0.015374365807408752,22.058823529411764,39.33121019108287,0,0,1
2026-01-06 15:55:44,SUIUSDC,BUY_FILLED,BUY,102.5,1.9509,MOM,,aggressive,1,,,,,,,
2026-01-06 15:55:44,SUIUSDC,SELL_FILLED,SELL,102.5,1.9507,TRAIL,-0.020499999999997742,aggressive,1,,,,,,,
1767714975,SUIUSDC,DECIDE_HOLD,,,,HOLD_MOM,,aggressive,1,0.005135579293343724,-0.0615889960993568,13.5678391959799,42.7320490367776,0,0,1
1767714990,SUIUSDC,DECIDE_HOLD,,,,HOLD_MOM,,aggressive,1,0.0051361068310215195,-0.05646527385657199,19.11764705882353,42.582897033158844,0,0,1
2026-01-06 15:56:43,SUIUSDC,BUY_FILLED,BUY,102.6,1.9477,MOM,,aggressive,1,,,,,,,
2026-01-06 15:56:44,SUIUSDC,SELL_FILLED,SELL,102.6,1.9482999999999997,TP,0.06155999999997044,aggressive,1,,,,,,,
1767715014,SUIUSDC,DECIDE_HOLD,,,,HOLD_MOM,,aggressive,1,0.005135051864023261,0.041097297852661654,13.157894736842104,42.80701754385965,0,0,1
1767715030,SUIUSDC,DECIDE_HOLD,,,,HOLD_MOM,,aggressive,1,0.005132416341613067,0.0,19.35483870967742,37.950664136622194,0,0,1
2026-01-06 15:57:13,SUIUSDC,BUY_FILLED,BUY,102.5,1.9496,MOM,,aggressive,1,,,,,,,
2026-01-06 15:57:14,SUIUSDC,SELL_FILLED,SELL,102.5,1.9505,TP,0.09224999999998984,aggressive,1,,,,,,,
1767715045,SUIUSDC,DECIDE_HOLD,,,,HOLD_MOM,,aggressive,1,0.0051250512505119404,0.11287839917906516,14.15929203539823,41.081081081081045,0,0,1
2026-01-06 15:57:39,SUIUSDC,BUY_FILLED,BUY,102.2,1.9551,MOM,,aggressive,1,,,,,,,
2026-01-06 15:57:40,SUIUSDC,SELL_FILLED,SELL,102.2,1.9546,TRAIL,-0.05110000000001707,aggressive,1,,,,,,,
1767715090,SUIUSDC,DECIDE_HOLD,,,,HOLD_MOM,,aggressive,1,0.005121638924455262,0.015367277942832035,9.045226130653267,45.62383612662948,0,0,1
1767715105,SUIUSDC,DECIDE_HOLD,,,,HOLD_MOM,,aggressive,1,0.005121376626047887,0.010243802499486683,14.285714285714285,45.825602968460146,0,0,1
1767715120,SUIUSDC,DECIDE_HOLD,,,,HOLD_MOM,,aggressive,1,0.005118755118754556,0.025600327684191536,25.925925925925924,46.52014652014648,0,0,1
1767715135,SUIUSDC,DECIDE_HOLD,,,,HOLD_MOM,,aggressive,1,0.005121638924455262,-0.08187912594033293,22.22222222222222,45.215759849906064,0,0,1
2026-01-06 15:59:05,SUIUSDC,BUY_FILLED,BUY,102.3,1.9539000000000002,MOM,,aggressive,1,,,,,,,
2026-01-06 15:59:05,SUIUSDC,SELL_FILLED,SELL,102.3,1.9542,TP,0.030689999999973905,aggressive,1,,,,,,,
2026-01-06 15:59:16,SUIUSDC,BUY_FILLED,BUY,102.2,1.9563000000000001,MOM,,aggressive,1,,,,,,,
2026-01-06 15:59:17,SUIUSDC,SELL_FILLED,SELL,102.2,1.956,TRAIL,-0.030660000000019318,aggressive,1,,,,,,,
1767715187,SUIUSDC,DECIDE_HOLD,,,,HOLD_MOM,,aggressive,1,0.005110906674854903,0.0,6.030150753768844,58.02469135802453,0,0,1
1767715203,SUIUSDC,DECIDE_HOLD,,,,HOLD_MOM,,aggressive,1,0.005107774032076258,0.04087889626979621,14.0625,47.69230769230766,0,0,1
2026-01-06 16:00:12,SUIUSDC,BUY_FILLED,BUY,102.1,1.9583,MOM,,aggressive,1,,,,,,,
2026-01-06 16:00:13,SUIUSDC,SELL_FILLED,SELL,102.1,1.959,TP,0.0714700000000148,aggressive,1,,,,,,,
1767715223,SUIUSDC,DECIDE_HOLD,,,,HOLD_MOM,,aggressive,1,0.005108295872496373,0.015327236499257496,13.274336283185843,47.69230769230766,0,0,1
1767715239,SUIUSDC,DECIDE_HOLD,,,,HOLD_MOM,,aggressive,1,0.005110906674854903,-0.12251148545177028,13.636363636363635,46.87500000000006,0,0,1
2026-01-06 16:00:50,SUIUSDC,BUY_FILLED,BUY,102.0,1.9589,MOM,,aggressive,1,,,,,,,
2026-01-06 16:00:50,SUIUSDC,SELL_FILLED,SELL,102.0,1.959,TP,0.010199999999998877,aggressive,1,,,,,,,
1767715260,SUIUSDC,DECIDE_HOLD,,,,HOLD_MOM,,aggressive,1,0.005106469897359392,0.11246868769490209,18.26086956521739,52.30352303523041,0,0,1
1767715275,SUIUSDC,DECIDE_HOLD,,,,HOLD_MOM,,aggressive,1,0.0051043846664279,0.08173690932311856,23.943661971830984,53.60000000000021,0,0,1
1767715291,SUIUSDC,DECIDE_HOLD,,,,HOLD_MOM,,aggressive,1,0.005112997238980928,-0.14805738500026164,35.483870967741936,50.0,0,0,1
1767715306,SUIUSDC,DECIDE_HOLD,,,,HOLD_MOM,,aggressive,1,0.005108817819555992,-0.010216591744992745,45.16129032258064,50.12987012987041,0,0,1
2026-01-06 16:01:48,SUIUSDC,BUY_FILLED,BUY,102.1,1.9583,MOM,,aggressive,1,,,,,,,
2026-01-06 16:01:48,SUIUSDC,SELL_FILLED,SELL,102.1,1.9580999999999997,TRAIL,-0.020420000000020422,aggressive,1,,,,,,,
1767715338,SUIUSDC,DECIDE_HOLD,,,,HOLD_MOM,,aggressive,1,0.005110906674854903,0.005111167901865014,16.08040201005025,45.93837535014017,0,0,1
1767715354,SUIUSDC,DECIDE_HOLD,,,,HOLD_MOM,,aggressive,1,0.005113520147268818,-0.1480725044676999,16.666666666666664,44.50549450549443,0,0,1
1767715369,SUIUSDC,DECIDE_HOLD,,,,HOLD_MOM,,aggressive,1,0.005114304710274075,-0.06644178677296622,30.0,43.902439024390226,0,0,1
2026-01-06 16:03:04,SUIUSDC,BUY_FILLED,BUY,102.2,1.9559,MOM,,aggressive,1,,,,,,,
2026-01-06 16:03:04,SUIUSDC,SELL_FILLED,SELL,102.2,1.9562,TP,0.030659999999996624,aggressive,1,,,,,,,
1767715394,SUIUSDC,DECIDE_HOLD,,,,HOLD_MOM,,aggressive,1,0.005109862033724526,0.13303315595580015,14.912280701754385,45.97989949748758,0,0,1
1767715410,SUIUSDC,DECIDE_HOLD,,,,HOLD_MOM,,aggressive,1,0.005108556832694201,0.07157098307857819,16.666666666666664,47.044334975369495,0,0,1
2026-01-06 16:03:33,SUIUSDC,BUY_FILLED,BUY,102.1,1.9578,MOM,,aggressive,1,,,,,,,
2026-01-06 16:03:34,SUIUSDC,SELL_FILLED,SELL,102.1,1.9575,TRAIL,-0.030629999999996625,aggressive,1,,,,,,,
1767715444,SUIUSDC,DECIDE_HOLD,,,,HOLD_MOM,,aggressive,1,0.005110906674854903,0.010222858311182682,8.040201005025125,50.953678474114334,0,0,1
1767715459,SUIUSDC,DECIDE_HOLD,,,,HOLD_MOM,,aggressive,1,0.005112997238980928,-0.08174108511290722,16.901408450704224,49.86666666666669,0,0,1
1767715474,SUIUSDC,DECIDE_HOLD,,,,HOLD_MOM,,aggressive,1,0.005116921659928823,-0.18896833503575264,34.48275862068966,48.3204134366924,0,0,1
1767715490,SUIUSDC,DECIDE_HOLD,,,,HOLD_MOM,,aggressive,1,0.005120852109790505,-0.11253196930946187,18.51851851851852,46.63341645885294,0,0,1
1767715505,SUIUSDC,DECIDE_HOLD,,,,HOLD_BAL,,aggressive,1,0.005115351168857179,0.07678918808232092,44.44444444444444,48.69791666666652,0,0,1
1767715521,SUIUSDC,DECIDE_HOLD,,,,HOLD_MOM,,aggressive,1,0.005115089514065933,0.0,38.095238095238095,49.61636828644506,0,0,1
1767715536,SUIUSDC,DECIDE_HOLD,,,,HOLD_MOM,,aggressive,1,0.005115089514065933,-0.06134342091809978,40.74074074074074,49.7448979591837,0,0,1
1767715552,SUIUSDC,DECIDE_HOLD,,,,HOLD_MOM,,aggressive,1,0.005119541289099932,-0.05628325828898275,42.30769230769231,48.195876288659704,0,0,1
1767715568,SUIUSDC,DECIDE_HOLD,,,,HOLD_BAL,,aggressive,1,0.005110906674854903,0.12281240405280718,46.42857142857143,64.20118343195247,0,0,1
1767715583,SUIUSDC,DECIDE_HOLD,,,,HOLD_MOM,,aggressive,1,0.005120065536838307,-0.03582761797522382,39.130434782608695,60.71428571428564,0,0,1
1767715598,SUIUSDC,DECIDE_HOLD,,,,HOLD_MOM,,aggressive,1,0.005121114354482971,-0.03583495443841112,34.48275862068966,59.55414012738816,0,0,1
1767715613,SUIUSDC,DECIDE_HOLD,,,,HOLD_MOM,,aggressive,1,0.005126890540886387,-0.07684426229508488,37.93103448275862,56.15615615615617,0,0,1
1767715629,SUIUSDC,DECIDE_HOLD,,,,HOLD_MOM,,aggressive,1,0.005133733764566405,-0.1435382170502966,16.666666666666664,44.620253164556864,0,0,1
1767715644,SUIUSDC,DECIDE_HOLD,,,,HOLD_MOM,,aggressive,1,0.005143239212055187,-0.21042907000615851,33.33333333333333,40.28571428571413,0,0,1
1767715660,SUIUSDC,DECIDE_HOLD,,,,HOLD_MOM,,aggressive,1,0.005151187348683304,-0.15943221559349313,51.61290322580645,37.00787401574801,0,0,1
1767715675,SUIUSDC,DECIDE_HOLD,,,,HOLD_MOM,,aggressive,1,0.04655734312761372,-0.3094218967562274,46.875,30.257510729613756,0,0,1
1767715690,SUIUSDC,DECIDE_HOLD,,,,HOLD_MOM,,aggressive,1,0.020711437891573342,-0.08794619762028116,50.0,29.872881355932122,0,0,1
1767715705,SUIUSDC,DECIDE_HOLD,,,,HOLD_MOM,,aggressive,1,0.01036054703689391,-0.24288150483179932,41.37931034482759,29.37499999999997,0,0,1
1767715721,SUIUSDC,DECIDE_HOLD,,,,HOLD_MOM,,aggressive,1,0.005195884859190947,-0.2539518009847061,51.515151515151516,25.919117647058826,0,0,1
1767715736,SUIUSDC,DECIDE_HOLD,,,,HOLD_RSI,,aggressive,1,0.00518860582161516,0.11427977767388602,59.375,27.53906249999993,0,0,1
1767715751,SUIUSDC,DECIDE_HOLD,,,,HOLD_BAL,,aggressive,1,0.005185377236193362,0.07784120394395729,50.0,30.371900826446463,0,0,1
1767715766,SUIUSDC,DECIDE_HOLD,,,,HOLD_MOM,,aggressive,1,0.005183495749532915,-0.041450777202067975,34.78260869565217,31.22448979591846,0,0,1
1767715782,SUIUSDC,DECIDE_HOLD,,,,HOLD_MOM,,aggressive,1,0.005180005180004609,0.02072431480235107,41.66666666666667,33.001988071570764,0,0,1
2026-01-06 16:09:58,SUIUSDC,BUY_FILLED,BUY,103.5,1.9307,MOM,,aggressive,1,,,,,,,
1767715798,SUIUSDC,DECIDE_HOLD,,,,HOLD_MOM,,aggressive,1,0.005180541884680567,0.010362157401169782,40.0,32.59999999999994,0,0,1
2026-01-06 16:10:03,SUIUSDC,BUY_FILLED,BUY,103.5,1.932,MOM,,aggressive,1,,,,,,,
2026-01-06 16:10:03,SUIUSDC,SELL_FILLED,SELL,103.5,1.9328,TP,0.08280000000001386,aggressive,1,,,,,,,
1767715814,SUIUSDC,DECIDE_HOLD,,,,HOLD_MOM,,aggressive,1,0.0051690271890824455,0.20199927487439864,20.353982300884958,38.191881918819305,0,0,1
1767715829,SUIUSDC,DECIDE_HOLD,,,,HOLD_MOM,,aggressive,1,0.005178663904712014,-0.11896756840635021,23.4375,33.92504930966477,0,0,1
1767715844,SUIUSDC,DECIDE_HOLD,,,,HOLD_MOM,,aggressive,1,0.005172502974188641,0.005172770535898458,48.275862068965516,36.79245283018871,0,0,1
1767715859,SUIUSDC,DECIDE_HOLD,,,,HOLD_MOM,,aggressive,1,0.005173038125290413,-0.010345005948377282,41.66666666666667,36.672967863894186,0,0,1
1767715875,SUIUSDC,DECIDE_HOLD,,,,HOLD_MOM,,aggressive,1,0.005173573387137927,-0.020690011896754564,40.74074074074074,30.227743271221726,0,0,1
1767715890,SUIUSDC,DECIDE_HOLD,,,,HOLD_MOM,,aggressive,1,0.0051741087597655605,-0.031035017845131845,42.857142857142854,29.85685071574666,0,0,1
1767715905,SUIUSDC,DECIDE_HOLD,,,,HOLD_MOM,,aggressive,1,0.005172770535898458,0.020695364238408315,37.93103448275862,29.97946611909674,0,0,1
1767715921,SUIUSDC,DECIDE_HOLD,,,,HOLD_BAL,,aggressive,1,0.005171433004084863,0.06727385634444623,52.0,30.927835051546523,0,0,0
1767715936,SUIUSDC,DECIDE_HOLD,,,,HOLD_BAL,,aggressive,1,0.005164488973815472,0.17071908949818201,50.0,34.442270058708445,0,0,1
1767715952,SUIUSDC,DECIDE_HOLD,,,,HOLD_BAL,,aggressive,1,0.005158361704322139,0.0619386807061056,36.36363636363637,36.79245283018871,0,0,1
1767715967,SUIUSDC,DECIDE_HOLD,,,,HOLD_MOM,,aggressive,1,0.005162889152769321,-0.025807783627539226,32.0,35.328185328185526,0,0,1
1767715982,SUIUSDC,DECIDE_HOLD,,,,HOLD_BAL,,aggressive,1,0.005159160088736986,0.051618231559381084,39.285714285714285,31.35245901639321,0,0,1
1767715998,SUIUSDC,DECIDE_HOLD,,,,HOLD_BAL,,aggressive,1,0.005152779924768845,0.222061557529446,73.68421052631578,34.18467583497058,0,0,1
